attribute,attribute_dictText,browse,category,category_dictText,id,introduction,isTop,labelIds,level,logoUrl,name,price,purchase,supplierName,themeId,themeId_dictText,totalPrice,type,updateTime
,,343,,,1751602206185402369,为用户提供多语种的旅游资讯，包括景点介绍、旅游攻略、文化习俗等，帮助来自不同国家和地区的游客更好地了解旅游目的地。,2,,1,https://trade.fjbdex.com:443/ltywpt-minio/fujian/商品审核/0f82a1aa194841d5a3f6efca81b77105.png,多语种旅游信息查询服务,0元,2,福建大数据一级开发有限公司,,,0.0,3,
,,419,,,1751602205984075778,整合福建省各职业健康检查机构的相关数据，为用户提供便捷的查询服务，包括机构名称、资质情况、检查项目及价格等信息，帮助用户选择适合的职业健康检查机构进行健康检查服务。,2,,1,https://trade.fjbdex.com:443/ltywpt-minio/fujian/商品审核/0f82a1aa194841d5a3f6efca81b77105.png,职业健康检查机构查询服务,0元,0,福建大数据一级开发有限公司,,,0.0,3,
,,327,,,1751602205757583361,提供查询施工项目的许可证信息，包括许可证编号、项目名称、施工单位等，帮助用户了解施工项目的合法性和相关信息。,2,,1,https://trade.fjbdex.com:443/ltywpt-minio/fujian/商品审核/0f82a1aa194841d5a3f6efca81b77105.png,施工许可信息查询服务,0元,0,福建大数据一级开发有限公司,,,0.0,3,
,,455,,,1751602205547868161,通过综合评估企业的医保缴纳情况，为用户提供企业医保缴纳的指数，用于评估企业的员工健康保障程度和社会责任感。,2,,1,https://trade.fjbdex.com:443/ltywpt-minio/fujian/商品审核/0f82a1aa194841d5a3f6efca81b77105.png,企业医保缴纳指数,0元,0,福建大数据一级开发有限公司,,,0.0,3,
,,273,,,1751602205296209921,提供住建行业企业的信用评价结果，包括信用分数或等级、综合排名等信息，帮助用户了解企业的信用状况。,2,,1,https://trade.fjbdex.com:443/ltywpt-minio/fujian/商品审核/0f82a1aa194841d5a3f6efca81b77105.png,住建行业企业信用评级查询服务,0元,0,福建大数据一级开发有限公司,,,0.0,3,
,,256,,,1751602205073911809,查询特定品类在不同地区的监测对象分布情况，帮助企业或研究人员了解市场分布情况。,2,,1,https://trade.fjbdex.com:443/ltywpt-minio/fujian/商品审核/0f82a1aa194841d5a3f6efca81b77105.png,地区监测对象分布查询服务,0元,0,福建大数据一级开发有限公司,,,0.0,3,
,,272,,,1751602204864196609,查询企业的环保相关信息，包括企业名称、地址、环保投资等，用于环保管理和公众了解企业环保情况。,2,,1,https://trade.fjbdex.com:443/ltywpt-minio/fujian/商品审核/0f82a1aa194841d5a3f6efca81b77105.png,企业环保基本信息查询服务,0元,0,福建大数据一级开发有限公司,,,0.0,3,
,,374,,,1751602204658675713,通过查询工商行政管理机构的数据和公开信息，为用户提供企业的官方邮箱信息，帮助用户与企业进行沟通和交流，用于商务合作、供应商选择等方面。,2,,1,https://trade.fjbdex.com:443/ltywpt-minio/fujian/商品审核/0f82a1aa194841d5a3f6efca81b77105.png,企业邮箱查询服务,0元,0,福建大数据一级开发有限公司,,,0.0,3,
,,240,,,1751602204440571905,提供空气质量监测点的详细信息，包括监测点位置、类型、是否在监测等，方便公众了解空气质量监测网络布局。,2,,1,https://trade.fjbdex.com:443/ltywpt-minio/fujian/商品审核/0f82a1aa194841d5a3f6efca81b77105.png,空气质量监测点位查询服务,0元,0,福建大数据一级开发有限公司,,,0.0,3,
,,243,,,1751602204235051009,通过分析企业的财务数据和资金流动情况，运用财务健康分析模型和现金流分析，为用户提供企业资金健康度的指数，用于评估企业的资金状况和财务风险。,2,,1,https://trade.fjbdex.com:443/ltywpt-minio/fujian/商品审核/0f82a1aa194841d5a3f6efca81b77105.png,企业资金健康度指数,0元,0,福建大数据一级开发有限公司,,,0.0,3,
,,241,,,1751602204029530114,通过查询工商行政管理机构的数据，为用户提供企业的规模信息，包括小微企业、中型企业、大型企业等，用于市场调研、商务合作等方面。,2,,1,https://trade.fjbdex.com:443/ltywpt-minio/fujian/商品审核/0f82a1aa194841d5a3f6efca81b77105.png,企业规模查询服务,0元,0,福建大数据一级开发有限公司,,,0.0,3,
,,11,,,1751602203777871874,查询省公安厅发布的文件信息，包括政策、通知等正式文件，方便公众和相关机构获取官方文件。,2,,1,https://trade.fjbdex.com:443/ltywpt-minio/fujian/商品审核/0f82a1aa194841d5a3f6efca81b77105.png,省公安厅文件查询服务,0元,0,福建大数据一级开发有限公司,,,0.0,3,
,,14,,,1751602203572350977,查询企业各年度是否为A级纳税人，为用户提供企业是否具备A级纳税人资格的核实结果，用于评估企业的纳税信用等级和合作风险。,2,,1,https://trade.fjbdex.com:443/ltywpt-minio/fujian/商品审核/0f82a1aa194841d5a3f6efca81b77105.png,企业A级纳税人核验服务,0元,0,福建大数据一级开发有限公司,,,0.0,3,
,,16,,,1751602203366830082,查询该地区的定点医疗机构和药店名单，包括机构或药店的名称、地址和联系方式，帮助用户快速找到可使用医保的服务点。,2,,1,https://trade.fjbdex.com:443/ltywpt-minio/fujian/商品审核/0f82a1aa194841d5a3f6efca81b77105.png,定点医疗机构和药店查询服务,0元,0,福建大数据一级开发有限公司,,,0.0,3,
,,10,,,1751602203152920578,提供福建省船舶营业运输证的查询服务，帮助相关企业和个人了解船舶的运营资质和安全状况。,2,,1,https://trade.fjbdex.com:443/ltywpt-minio/fujian/商品审核/0f82a1aa194841d5a3f6efca81b77105.png,船舶营业运输证查询服务,0元,0,福建大数据一级开发有限公司,,,0.0,3,
,,17,,,1751602202955788289,根据经营内容范围，结合工商行政管理机构的数据和公开信息，为用户提供企业所属行业的信息，帮助用户了解企业的经营范围和竞争对手等情况，用于市场调研、商务合作等方面。,2,,1,https://trade.fjbdex.com:443/ltywpt-minio/fujian/商品审核/0f82a1aa194841d5a3f6efca81b77105.png,企业所属行业查询服务,0元,0,福建大数据一级开发有限公司,,,0.0,3,
,,28,,,1751602202720907265,提供特定河流在单个月份的水质监测数据，包括水质类别、超标项目等，帮助环保机构和公众了解河流的水质状况。,2,,1,https://trade.fjbdex.com:443/ltywpt-minio/fujian/商品审核/0f82a1aa194841d5a3f6efca81b77105.png,河流水质月度监测查询服务,0元,0,福建大数据一级开发有限公司,,,0.0,3,
,,24,,,1751602202506997761,通过查询交通管理机构数据，为用户提供自然人机动车牌号码身份核验结果，帮助验证用户个人身份证和机动车牌号码是否一致。,2,,1,https://trade.fjbdex.com:443/ltywpt-minio/fujian/商品审核/0f82a1aa194841d5a3f6efca81b77105.png,自然人机动车核验服务,0元,0,福建大数据一级开发有限公司,,,0.0,3,
,,13,,,1751602202305671170,查询施工现场安全从业人员的资质信息，确保施工人员符合安全作业标准。,2,,1,https://trade.fjbdex.com:443/ltywpt-minio/fujian/商品审核/0f82a1aa194841d5a3f6efca81b77105.png,施工安全从业人员资质查询服务,0元,0,福建大数据一级开发有限公司,,,0.0,3,
,,15,,,1751602202054012929,查询近一年企业行政处罚总金额，根据企业的统一社会信用代码进行查询。输入参数为统一社会信用代码，输出参数为企业行政处罚总金额，单位为万元。,2,,1,https://trade.fjbdex.com:443/ltywpt-minio/fujian/商品审核/0f82a1aa194841d5a3f6efca81b77105.png,企业行政处罚总金额查询服务,0元,0,福建大数据一级开发有限公司,,,0.0,3,
,,24,,,1751602201865269249,为用户提供对特定自然人居住证的核验服务，用于确认自然人是否拥有居住证。,2,,1,https://trade.fjbdex.com:443/ltywpt-minio/fujian/商品审核/0f82a1aa194841d5a3f6efca81b77105.png,自然人居住证核验服务,0元,0,福建大数据一级开发有限公司,,,0.0,3,
,,36,,,1751602201659748353,分析企业是否专注于某一领域或技术的深度开发和创新，通过评估企业的产品线、技术专利和市场定位等信息，判断企业是否具有专业化、精细化、特色化、新颖化的经营特点。,2,,1,https://trade.fjbdex.com:443/ltywpt-minio/fujian/商品审核/0f82a1aa194841d5a3f6efca81b77105.png,企业是否专精特新核验服务,0元,0,福建大数据一级开发有限公司,,,0.0,3,
,,19,,,1751602201437450241,通过查询家庭成员的宅基地使用权登记信息，为用户提供家庭宅基地使用权面积的查询结果，帮助用户了解家庭的土地权益情况。,2,,1,https://trade.fjbdex.com:443/ltywpt-minio/fujian/商品审核/0f82a1aa194841d5a3f6efca81b77105.png,自然人家庭宅基地使用权面积查询服务,0元,0,福建大数据一级开发有限公司,,,0.0,3,
,,11,,,1751602201227735041,通过查询工商行政管理机构的数据，为用户提供企业吊销核验结果，帮助用户确认企业是否被吊销登记，用于供应商选择、商务合作等方面。,2,,1,https://trade.fjbdex.com:443/ltywpt-minio/fujian/商品审核/0f82a1aa194841d5a3f6efca81b77105.png,企业吊销核验服务,0元,0,福建大数据一级开发有限公司,,,0.0,3,
,,20,,,1751602201013825537,通过查询医保管理机构的数据，为用户提供自然人上一年医保消费笔数的区间查询结果，帮助用户了解个人就医频次，用于医疗保险选择、健康管理等方面。,2,,1,https://trade.fjbdex.com:443/ltywpt-minio/fujian/商品审核/0f82a1aa194841d5a3f6efca81b77105.png,自然人上一年医保消费笔数区间查询服务,0元,0,福建大数据一级开发有限公司,,,0.0,3,
,,15,,,1751602200804110338,通过查询工商行政管理机构的数据，为用户提供企业实缴资本信息，帮助用户了解企业的财务实力和经营规模，用于供应商选择、商务合作等方面。,2,,1,https://trade.fjbdex.com:443/ltywpt-minio/fujian/商品审核/0f82a1aa194841d5a3f6efca81b77105.png,企业实缴资本查询服务,0元,0,福建大数据一级开发有限公司,,,0.0,3,
,,45,,,1751602200594395138,通过查询家庭成员的新型农村社会保险缴纳记录，为用户提供家庭缴纳新型农村社会保险人数的查询结果，帮助用户了解家庭成员的社会保障情况。,2,,1,https://trade.fjbdex.com:443/ltywpt-minio/fujian/商品审核/0f82a1aa194841d5a3f6efca81b77105.png,自然人家庭缴纳新型农村社会保险人数查询服务,0元,0,福建大数据一级开发有限公司,,,0.0,3,
,,34,,,1751602200363708418,依托蒙特卡洛模拟和风险价值评估（VaR），通过分析家庭资产配置、收入稳定性和外部经济影响，构建家庭抗风险能力指数模型。,2,,1,https://trade.fjbdex.com:443/ltywpt-minio/fujian/商品审核/0f82a1aa194841d5a3f6efca81b77105.png,自然人家庭抗风险能力指数,0元,0,福建大数据一级开发有限公司,,,0.0,3,
,,20,,,1751602200128827394,通过查询工商行政管理机构的数据，为用户提供企业曾用名信息，帮助用户了解企业的历史沿革和经营情况，用于市场调研、商务合作等方面。,2,,1,https://trade.fjbdex.com:443/ltywpt-minio/fujian/商品审核/0f82a1aa194841d5a3f6efca81b77105.png,企业曾用名查询服务,0元,0,福建大数据一级开发有限公司,,,0.0,3,
,,14,,,1751602199914917889,根据残联残疾信息数据，结合人口库关系图谱，为用户提供家庭成员残疾数量的查询结果，帮助用户了解家庭成员的残疾情况和享受相应政策的资格。,2,,1,https://trade.fjbdex.com:443/ltywpt-minio/fujian/商品审核/0f82a1aa194841d5a3f6efca81b77105.png,自然人家庭成员残疾数量查询服务,0元,0,福建大数据一级开发有限公司,,,0.0,3,
,,14,,,1751602199701008386,通过查询公积金管理机构的数据和公开信息，为用户提供企业公积金缴纳人数的查询服务，用于了解企业的员工福利和人员规模。,2,,1,https://trade.fjbdex.com:443/ltywpt-minio/fujian/商品审核/0f82a1aa194841d5a3f6efca81b77105.png,企业公积金缴纳人数查询服务,0元,0,福建大数据一级开发有限公司,,,0.0,3,
,,9,,,1751602199478710274,提供全省范围内的药品目录信息查询，包括药品名称、类型、适应症等，便于医疗机构和公众了解药品信息。,2,,1,https://trade.fjbdex.com:443/ltywpt-minio/fujian/商品审核/0f82a1aa194841d5a3f6efca81b77105.png,全省药品信息查询服务,0元,0,福建大数据一级开发有限公司,,,0.0,3,
,,15,,,1751602199248023554,从教育背景、学习成绩和继续教育等方面评估个人教育水平，利用因子分析和多目标优化算法，打造教育情况综合指数，综合评估自然人受教育情况。,2,,1,https://trade.fjbdex.com:443/ltywpt-minio/fujian/商品审核/0f82a1aa194841d5a3f6efca81b77105.png,自然人教育情况指数,0元,0,福建大数据一级开发有限公司,,,0.0,3,
,,16,,,1751602199029919745,通过查询企业的涉案记录，为用户提供企业最近一次涉案的时间信息，用于了解企业的涉案情况和法律风险趋势。,2,,1,https://trade.fjbdex.com:443/ltywpt-minio/fujian/商品审核/0f82a1aa194841d5a3f6efca81b77105.png,企业涉案最近时间查询服务,0元,0,福建大数据一级开发有限公司,,,0.0,3,
,,14,,,1751602198820204545,提供饮用水源地在累计月份的水质监测数据，便于长期跟踪饮用水源地的水质变化。,2,,1,https://trade.fjbdex.com:443/ltywpt-minio/fujian/商品审核/0f82a1aa194841d5a3f6efca81b77105.png,饮用水源地水质累计监测查询服务,0元,0,福建大数据一级开发有限公司,,,0.0,3,
,,23,,,1751602198618877953,通过查询公积金管理机构的数据，为用户提供个人公积金总缴纳月份的查询结果，帮助用户了解个人公积金的累计缴纳情况。,2,,1,https://trade.fjbdex.com:443/ltywpt-minio/fujian/商品审核/0f82a1aa194841d5a3f6efca81b77105.png,自然人公积金总缴纳月份查询服务,0元,0,福建大数据一级开发有限公司,,,0.0,3,
,,14,,,1751602198430134274,通过查询工商行政管理机构的数据和公开信息，为用户提供企业员工的平均年龄区间信息，用于了解企业的人员结构和组织文化特点。,2,,1,https://trade.fjbdex.com:443/ltywpt-minio/fujian/商品审核/0f82a1aa194841d5a3f6efca81b77105.png,企业员工平均年龄区间查询服务,0元,0,福建大数据一级开发有限公司,,,0.0,3,
,,16,,,1751602198224613378,通过查询公积金管理机构的数据，为用户提供个人公积金缴纳比例的区间查询结果，帮助用户了解个人的公积金缴纳比例情况。,2,,1,https://trade.fjbdex.com:443/ltywpt-minio/fujian/商品审核/0f82a1aa194841d5a3f6efca81b77105.png,自然人公积金缴纳比例区间查询服务,0元,0,福建大数据一级开发有限公司,,,0.0,3,
,,11,,,1751602198014898178,查询省级交通建设工程的质量安全监督检查记录，包括问题数量、采集时间等，以监督和保障工程质量安全。,2,,1,https://trade.fjbdex.com:443/ltywpt-minio/fujian/商品审核/0f82a1aa194841d5a3f6efca81b77105.png,交通建设工程质量安全监督记录查询服务,0元,0,福建大数据一级开发有限公司,,,0.0,3,
,,7,,,1751602197780017154,查询历年该公司高管层重大变动次数，高管层包括公司董、监、高、法定代表人，为用户提供企业高管层重大变动的次数信息，用于了解企业高管层稳定性和管理层面临的变动风险。,2,,1,https://trade.fjbdex.com:443/ltywpt-minio/fujian/商品审核/0f82a1aa194841d5a3f6efca81b77105.png,企业高管层重大变动次数查询服务,0元,0,福建大数据一级开发有限公司,,,0.0,3,
,,11,,,1751602197582884865,通过查询公积金管理机构的数据，为用户提供个人公积金最大连续缴纳月数的查询结果，帮助用户了解个人公积金的稳定缴纳情况。,2,,1,https://trade.fjbdex.com:443/ltywpt-minio/fujian/商品审核/0f82a1aa194841d5a3f6efca81b77105.png,自然人公积金最大连续缴纳月数查询服务,0元,0,福建大数据一级开发有限公司,,,0.0,3,
,,20,,,1751602197360586754,提供中央财政支持的林业科技推广示范项目的查询服务，包括项目名称、实施单位、项目简介等，帮助用户了解国家在林业科技领域的投入和项目进展。,2,,1,https://trade.fjbdex.com:443/ltywpt-minio/fujian/商品审核/0f82a1aa194841d5a3f6efca81b77105.png,林业科技项目查询服务,0元,0,福建大数据一级开发有限公司,,,0.0,3,
,,12,,,1751602197104734210,通过查询相关职称评定机构的数据，为用户提供自然人个人职称评定信息的查询结果，包括职称等级、评定日期等信息，用于职业发展规划、招聘筛选等方面。,2,,1,https://trade.fjbdex.com:443/ltywpt-minio/fujian/商品审核/0f82a1aa194841d5a3f6efca81b77105.png,自然人个人职称评定信息查询服务,0元,0,福建大数据一级开发有限公司,,,0.0,3,
,,12,,,1751602196890824705,通过查询社保管理机构的数据和公开信息，为用户提供企业社保缴纳金额在全省范围内的排名百分比，用于了解企业在全省范围内的社保缴纳水平和竞争力。,2,,1,https://trade.fjbdex.com:443/ltywpt-minio/fujian/商品审核/0f82a1aa194841d5a3f6efca81b77105.png,企业社保缴纳金额全省排名百分比查询服务,0元,0,福建大数据一级开发有限公司,,,0.0,3,
,,11,,,1751602196685303810,通过核验相关户籍登记记录和政府机构信息，为用户提供自然人同户人员身份核验结果，帮助用户确认个人的户籍信息和政府登记记录是否一致。,2,,1,https://trade.fjbdex.com:443/ltywpt-minio/fujian/商品审核/0f82a1aa194841d5a3f6efca81b77105.png,自然人同户人员核验服务,0元,0,福建大数据一级开发有限公司,,,0.0,3,
,,90,,,1751602196467200002,提供全省范围内医疗耗材的详细目录信息，包括统筹区编号、商品名、自付比例等，方便医疗机构和公众查询使用。,2,,1,https://trade.fjbdex.com:443/ltywpt-minio/fujian/商品审核/0f82a1aa194841d5a3f6efca81b77105.png,福建省医疗耗材查询服务,0元,0,福建大数据一级开发有限公司,,,0.0,3,
,,13,,,1751602196274262017,查询企业获得财政资金扶持的具体情况，包括资金金额和项目名称，帮助用户了解政府扶持的企业和项目。,2,,1,https://trade.fjbdex.com:443/ltywpt-minio/fujian/商品审核/0f82a1aa194841d5a3f6efca81b77105.png,财政资金扶持企业查询服务,0元,0,福建大数据一级开发有限公司,,,0.0,3,
,,19,,,1751602196072935425,利用创新能力评估模型和研发投入分析，从专利申请、科研项目和新产品开发等方面量化企业的科技创新能力和未来发展潜力指数。,2,,1,https://trade.fjbdex.com:443/ltywpt-minio/fujian/商品审核/0f82a1aa194841d5a3f6efca81b77105.png,企业科技创新指数,0元,0,福建大数据一级开发有限公司,,,0.0,3,
,,11,,,1751602195871608834,提供造价咨询企业的详细信息查询，包括企业资质、服务范围、成功案例等，为建设项目的成本控制和预算编制提供专业支持。,2,,1,https://trade.fjbdex.com:443/ltywpt-minio/fujian/商品审核/0f82a1aa194841d5a3f6efca81b77105.png,造价咨询企业信息查询服务,0元,0,福建大数据一级开发有限公司,,,0.0,3,
,,11,,,1751602195674476546,通过查询公积金管理机构的数据和公开信息，为用户提供企业公积金账户的状态信息，包括正常、冻结、注销等，用于了解企业的公积金缴纳情况和合规性。,2,,1,https://trade.fjbdex.com:443/ltywpt-minio/fujian/商品审核/0f82a1aa194841d5a3f6efca81b77105.png,企业公积金账户状态查询服务,0元,0,福建大数据一级开发有限公司,,,0.0,3,
,,16,,,1751602195477344257,采用信用评分模型和行为分析算法，综合个人信用记录、履约行为和社会评价等数据，构建反映个人守信程度的综合指数，帮助用户了解个人的信用情况。,2,,1,https://trade.fjbdex.com:443/ltywpt-minio/fujian/商品审核/0f82a1aa194841d5a3f6efca81b77105.png,自然人守信指数,0元,0,福建大数据一级开发有限公司,,,0.0,3,
,,14,,,1751602195276017666,提供渔港的天气预报信息，包括风力、潮汐、波浪等，帮助渔民和渔港管理者了解天气状况，规划渔业活动和港口运营。,2,,1,https://trade.fjbdex.com:443/ltywpt-minio/fujian/商品审核/0f82a1aa194841d5a3f6efca81b77105.png,渔港天气预报服务,0元,0,福建大数据一级开发有限公司,,,0.0,3,
,,9,,,1751602195074691073,提供农机车辆的厂牌和型号信息查询，帮助用户了解不同农机车辆的具体型号和生产厂家。,2,,1,https://trade.fjbdex.com:443/ltywpt-minio/fujian/商品审核/0f82a1aa194841d5a3f6efca81b77105.png,农机车辆型号查询服务,0元,0,福建大数据一级开发有限公司,,,0.0,3,
,,9,,,1751602194856587265,通过综合评估企业涉及的法律诉讼数量、性质和结果，构建一个反映企业司法涉案风险水平的指标，为风险管理和决策分析提供依据。,2,,1,https://trade.fjbdex.com:443/ltywpt-minio/fujian/商品审核/0f82a1aa194841d5a3f6efca81b77105.png,企业司法涉案指数,0元,0,福建大数据一级开发有限公司,,,0.0,3,
,,36,,,1751602194655260673,通过分析企业职工的公积金缴纳金额数据，为用户提供企业职工公积金缴纳金额的平均值信息，用于了解企业职工的公积金缴纳水平和福利待遇。,2,,1,https://trade.fjbdex.com:443/ltywpt-minio/fujian/商品审核/0f82a1aa194841d5a3f6efca81b77105.png,企业职工公积金缴纳金额平均值查询服务,0元,0,福建大数据一级开发有限公司,,,0.0,3,
,,33,,,1751602194445545473,根据医保结算数据，结合人口库关系图谱，为用户提供家庭上年度医疗费用支出金额的查询结果，帮助用户了解家庭的医疗开支情况。,2,,1,https://trade.fjbdex.com:443/ltywpt-minio/fujian/商品审核/0f82a1aa194841d5a3f6efca81b77105.png,自然人家庭本年度医疗费用支出金额查询服务,0元,0,福建大数据一级开发有限公司,,,0.0,3,
,,11,,,1751602194235830274,通过查询家庭成员的宅基地使用权登记信息，为用户提供家庭宅基地使用权数量的查询结果，帮助用户了解家庭的土地权益情况。,2,,1,https://trade.fjbdex.com:443/ltywpt-minio/fujian/商品审核/0f82a1aa194841d5a3f6efca81b77105.png,自然人家庭宅基地使用权数量查询服务,0元,0,福建大数据一级开发有限公司,,,0.0,3,
,,24,,,1751602194030309377,通过查询家庭成员的医疗就诊记录和就医次数，为用户提供家庭成员多次就医患者数量的查询结果，帮助用户了解家庭成员的健康情况和医疗需求。,2,,1,https://trade.fjbdex.com:443/ltywpt-minio/fujian/商品审核/0f82a1aa194841d5a3f6efca81b77105.png,自然人家庭成员多次就医患者数量查询服务,0元,0,福建大数据一级开发有限公司,,,0.0,3,
,,11,,,1751602193791234049,通过查询司法案件信息，为用户提供个人近一年内是否涉及刑事案件的查询结果，帮助用户了解个人的司法记录。,2,,1,https://trade.fjbdex.com:443/ltywpt-minio/fujian/商品审核/0f82a1aa194841d5a3f6efca81b77105.png,自然人近一年内涉刑事案件核验服务,0元,0,福建大数据一级开发有限公司,,,0.0,3,
,,14,,,1751602193585713153,通过核验自然人配偶的就业情况和社保记录，为用户提供配偶就业核验结果，帮助用户确认配偶的就业状况和社会保障情况。,2,,1,https://trade.fjbdex.com:443/ltywpt-minio/fujian/商品审核/0f82a1aa194841d5a3f6efca81b77105.png,自然人配偶就业核验服务,0元,0,福建大数据一级开发有限公司,,,0.0,3,
,,6,,,1751602193380192257,提供林地项目的详细信息查询，包括项目地点、面积、主要树种等，帮助相关企业和个人了解林地资源和开发情况。,2,,1,https://trade.fjbdex.com:443/ltywpt-minio/fujian/商品审核/0f82a1aa194841d5a3f6efca81b77105.png,林地项目查询服务,0元,0,福建大数据一级开发有限公司,,,0.0,3,
,,7,,,1751602193174671362,通过查询税务局企业涉税接口获取企业利润表，为用户提供企业的营业收入信息，用于了解企业的主营业务规模和经营活动情况。,2,,1,https://trade.fjbdex.com:443/ltywpt-minio/fujian/商品审核/0f82a1aa194841d5a3f6efca81b77105.png,企业营业收入查询服务,0元,0,福建大数据一级开发有限公司,,,0.0,3,
,,16,,,1751602192969150466,通过查询司法案件信息，为用户提供个人近三年内是否涉及民事案件的查询结果，帮助用户了解个人的司法记录。,2,,1,https://trade.fjbdex.com:443/ltywpt-minio/fujian/商品审核/0f82a1aa194841d5a3f6efca81b77105.png,自然人近三年内涉民事案件核验服务,0元,0,福建大数据一级开发有限公司,,,0.0,3,
,,10,,,1751602192772018177,通过查询工商行政管理机构的数据和公开信息，为用户提供企业上一年职工人数的区间信息，用于了解企业的规模和发展趋势。,2,,1,https://trade.fjbdex.com:443/ltywpt-minio/fujian/商品审核/0f82a1aa194841d5a3f6efca81b77105.png,企业上一年职工人数区间查询服务,0元,0,福建大数据一级开发有限公司,,,0.0,3,
,,19,,,1751602192553914370,基于个人健康档案、就诊记录等多维度数据进行分析，为用户提供自然人健康指数，帮助用户了解个人整体健康状况和慢性病风险，用于健康管理、保险评估等方面。,2,,1,https://trade.fjbdex.com:443/ltywpt-minio/fujian/商品审核/0f82a1aa194841d5a3f6efca81b77105.png,自然人健康指数,0元,0,福建大数据一级开发有限公司,,,0.0,3,
,,15,,,1751602192331616258,通过查询医保管理机构的数据，为用户提供自然人本年医保消费金额的区间查询结果，帮助用户了解个人医疗支出情况，用于医疗保险选择、财务规划等方面。,2,,1,https://trade.fjbdex.com:443/ltywpt-minio/fujian/商品审核/0f82a1aa194841d5a3f6efca81b77105.png,自然人本年医保消费金额区间查询服务,0元,0,福建大数据一级开发有限公司,,,0.0,3,
,,12,,,1751602192130289666,"综合利用层次分析、熵权法和长短期记忆法等智能算法，通过对行业类型、工作报酬福利等多个公共数据维度进行评估，构建自然人职业的评价指数。

输入参数：身份证号码
输出参数：职业评价指数（整数）",2,,1,https://trade.fjbdex.com:443/ltywpt-minio/fujian/商品审核/0f82a1aa194841d5a3f6efca81b77105.png,自然人职业评价指数,0元,0,福建大数据一级开发有限公司,,,0.0,3,
,,14,,,1751602191903797249,通过查询相关部门的数据和公开信息，为用户提供企业法人名下不动产的价值评估指数，用于评估企业法人财产规模和经营情况。,2,,1,https://trade.fjbdex.com:443/ltywpt-minio/fujian/商品审核/0f82a1aa194841d5a3f6efca81b77105.png,企业法人不动产价值评估指数,0元,0,福建大数据一级开发有限公司,,,0.0,3,
,,17,,,1751602191706664962,通过查询医保管理机构的数据，为用户提供个人医保最大连续缴纳月数的查询结果，帮助用户了解个人医保的稳定缴纳情况。,2,,1,https://trade.fjbdex.com:443/ltywpt-minio/fujian/商品审核/0f82a1aa194841d5a3f6efca81b77105.png,自然人医保最大连续缴纳月数查询服务,0元,0,福建大数据一级开发有限公司,,,0.0,3,
,,13,,,1751602191492755457,通过综合评估企业持有的不动产情况，为用户提供企业持有不动产的综合指数，用于评估企业的固定资产投资水平和资产配置策略。,2,,1,https://trade.fjbdex.com:443/ltywpt-minio/fujian/商品审核/0f82a1aa194841d5a3f6efca81b77105.png,企业持有不动产综合指数,0元,0,福建大数据一级开发有限公司,,,0.0,3,
,,11,,,1751602191270457345,通过查询残疾人事务管理机构的数据，为用户提供自然人残疾等级信息，帮助用户了解个人的残疾等级，用于残疾人福利申请、社会保障等方面。,2,,1,https://trade.fjbdex.com:443/ltywpt-minio/fujian/商品审核/0f82a1aa194841d5a3f6efca81b77105.png,自然人残疾等级查询服务,0元,0,福建大数据一级开发有限公司,,,0.0,3,
,,556,,,1751602191073325058,通过查询相关执业管理机构的数据，为用户提供自然人个人执业资格种类的查询结果，帮助用户了解自然人具备的执业资格种类，用于职业发展规划、职业选择等方面。,2,,1,https://trade.fjbdex.com:443/ltywpt-minio/fujian/商品审核/0f82a1aa194841d5a3f6efca81b77105.png,自然人个人执业资格种类查询服务,0元,0,福建大数据一级开发有限公司,,,0.0,3,
,,18,,,1751602190884581378,结合逻辑回归分析和债务结构分析，从贷款种类、偿还能力和负债比例等多角度评估家庭负债状况，为金融机构和家庭财务管理提供重要参考。,2,,1,https://trade.fjbdex.com:443/ltywpt-minio/fujian/商品审核/0f82a1aa194841d5a3f6efca81b77105.png,自然人家庭负债指数,0元,0,福建大数据一级开发有限公司,,,0.0,3,
,,7,,,1751602190683254785,通过查询工商行政管理机构的数据，为用户提供企业注册资本信息，帮助用户了解企业的财务实力和经营规模，用于供应商选择、商务合作等方面。,2,,1,https://trade.fjbdex.com:443/ltywpt-minio/fujian/商品审核/0f82a1aa194841d5a3f6efca81b77105.png,企业注册资本查询服务,0元,0,福建大数据一级开发有限公司,,,0.0,3,
,,8,,,1751602190486122497,查询该农机产品是否在补贴目录中，以及补贴金额和条件。,2,,1,https://trade.fjbdex.com:443/ltywpt-minio/fujian/商品审核/0f82a1aa194841d5a3f6efca81b77105.png,农机购置补贴产品查询服务,0元,0,福建大数据一级开发有限公司,,,0.0,3,
,,11,,,1751602190284795906,通过税务局申报的企业所得税信息，为用户提供企业的所得税金额区间，用于了解企业的税务状况和履行税务义务情况。,2,,1,https://trade.fjbdex.com:443/ltywpt-minio/fujian/商品审核/0f82a1aa194841d5a3f6efca81b77105.png,企业所得税缴纳信息查询服务,0元,0,福建大数据一级开发有限公司,,,0.0,3,
,,11,,,1751602190045720577,通过核验企业是否存在失信行为记录，为用户提供企业是否存在失信行为的核实结果，用于评估企业的商业信誉和合作风险。,2,,1,https://trade.fjbdex.com:443/ltywpt-minio/fujian/商品审核/0f82a1aa194841d5a3f6efca81b77105.png,企业失信核验服务,0元,0,福建大数据一级开发有限公司,,,0.0,3,
,,8,,,1751602189848588289,提供查询省公安厅关于治安管理的部门文件，包括治安管理政策、措施等，帮助公众和相关单位了解治安管理的相关规定。,2,,1,https://trade.fjbdex.com:443/ltywpt-minio/fujian/商品审核/0f82a1aa194841d5a3f6efca81b77105.png,治安管理文件查询服务,0元,0,福建大数据一级开发有限公司,,,0.0,3,
,,14,,,1751602189626290177,通过查询家庭成员的医疗保险缴纳记录，为用户提供家庭缴纳职工医保人数的查询结果，帮助用户了解家庭成员的医疗保障情况。,2,,1,https://trade.fjbdex.com:443/ltywpt-minio/fujian/商品审核/0f82a1aa194841d5a3f6efca81b77105.png,自然人家庭缴纳职工医保人数查询服务,0元,0,福建大数据一级开发有限公司,,,0.0,3,
,,16,,,1751602189416574977,提供全省范围内特殊病种的详细目录，包括病种名称、诊断标准、治疗方法等，帮助医疗机构和患者快速获取特殊病种相关信息。,2,,1,https://trade.fjbdex.com:443/ltywpt-minio/fujian/商品审核/0f82a1aa194841d5a3f6efca81b77105.png,特殊病种查询服务,0元,0,福建大数据一级开发有限公司,,,0.0,3,
,,11,,,1751602189164916738,通过查询工商行政管理机构的数据和公开信息，为用户提供企业近三年职工人数的平均值，用于了解企业的人员稳定性和经营情况。,2,,1,https://trade.fjbdex.com:443/ltywpt-minio/fujian/商品审核/0f82a1aa194841d5a3f6efca81b77105.png,企业近三年职工平均数查询服务,0元,0,福建大数据一级开发有限公司,,,0.0,3,
,,9,,,1751602188909064194,通过查询社保管理机构的数据和公开信息，为用户提供企业社保缴纳金额在全市范围内的排名百分比，用于了解企业在本地市场中的社保缴纳水平和竞争力。,2,,1,https://trade.fjbdex.com:443/ltywpt-minio/fujian/商品审核/0f82a1aa194841d5a3f6efca81b77105.png,企业社保缴纳金额全市排名百分比查询服务,0元,0,福建大数据一级开发有限公司,,,0.0,3,
,,12,,,1751602188703543297,通过查询社保管理机构的数据，为用户提供个人社保缴纳基数的区间查询结果，帮助用户了解个人社保缴纳基数区间的范围。,2,,1,https://trade.fjbdex.com:443/ltywpt-minio/fujian/商品审核/0f82a1aa194841d5a3f6efca81b77105.png,自然人社保缴纳基数区间查询服务,0元,0,福建大数据一级开发有限公司,,,0.0,3,
,,9,,,1751602188464467970,通过各个厅局和地市的职业（执业）资格注册信息数据，通过输入身份证号码、证照类型、证照号码，核验其执业资格真实性（可核验的执业资格包括律师信息、教师、公证人员、公用设备工程师、结构师、护士执业注册信息、建造师、造价工程师、建筑师、电气工程师、土木工程师、化工工程师、医师执业注册信息、监理工程师、司法鉴定员）。,2,,1,https://trade.fjbdex.com:443/ltywpt-minio/fujian/商品审核/0f82a1aa194841d5a3f6efca81b77105.png,自然人执业资格证照核验服务,0元,0,福建大数据一级开发有限公司,,,0.0,3,
,,7,,,1751602188254752769,通过查询相关人力资源管理机构的数据，为用户提供自然人所在单位的员工平均收入查询结果，帮助用户了解自然人所在单位的薪资水平，用于背景调查、招聘筛选等方面。,2,,1,https://trade.fjbdex.com:443/ltywpt-minio/fujian/商品审核/0f82a1aa194841d5a3f6efca81b77105.png,自然人同司员工平均收入查询服务,0元,0,福建大数据一级开发有限公司,,,0.0,3,
,,25,,,1751602188049231874,通过查询工商行政管理机构的数据和公开信息，为用户提供企业法人的身份证号码信息，用于识别企业法定代表人身份和沟通交流。,2,,1,https://trade.fjbdex.com:443/ltywpt-minio/fujian/商品审核/0f82a1aa194841d5a3f6efca81b77105.png,企业法人身份证号码查询服务,0元,0,福建大数据一级开发有限公司,,,0.0,3,
,,16,,,1751602187805962242,提供饮用水源地在单个月份的水质监测数据，包括水质类别、超标项目等，帮助保障饮用水安全。,2,,1,https://trade.fjbdex.com:443/ltywpt-minio/fujian/商品审核/0f82a1aa194841d5a3f6efca81b77105.png,饮用水源地水质月度监测查询服务,0元,0,福建大数据一级开发有限公司,,,0.0,3,
,,9,,,1751602187600441345,通过查询工商行政管理机构的数据，年报数据为用户判断企业是否符合国家规定的规上企业标准，用于供应商选择、商务合作等方面。,2,,1,https://trade.fjbdex.com:443/ltywpt-minio/fujian/商品审核/0f82a1aa194841d5a3f6efca81b77105.png,企业是否规上核验服务,0元,0,福建大数据一级开发有限公司,,,0.0,3,
,,19,,,1751602187403309058,建立自然人健康状况评估模型，通过深度学习网络和时间序列分析，综合健康档案、体检记录和生活习惯等数据。输入参数为身份证号码，输出参数为消费能力指数（整数）。,2,,1,https://trade.fjbdex.com:443/ltywpt-minio/fujian/商品审核/0f82a1aa194841d5a3f6efca81b77105.png,自然人健康状况指数,0元,0,福建大数据一级开发有限公司,,,0.0,3,
,,7,,,1751602187210371074,通过项目编号查询工程项目的审查服务质量，包括审查质量、服务水平等评价信息，以便了解项目审查的整体情况。,2,,1,https://trade.fjbdex.com:443/ltywpt-minio/fujian/商品审核/0f82a1aa194841d5a3f6efca81b77105.png,工程项目审查质量评价查询服务,0元,0,福建大数据一级开发有限公司,,,0.0,3,
,,6,,,1751602187000655874,提供福建省公安厅的便民服务事项信息查询，包括办理流程、办理地点等，方便公众和企业了解并办理相关事项。,2,,1,https://trade.fjbdex.com:443/ltywpt-minio/fujian/商品审核/0f82a1aa194841d5a3f6efca81b77105.png,公安便民服务事项查询服务,0元,0,福建大数据一级开发有限公司,,,0.0,3,
,,14,,,1751602186795134977,通过车辆行驶证数据，为用户提供福建省自然人是否有车核验结果，帮助用户评估自然人动产情况。,2,,1,https://trade.fjbdex.com:443/ltywpt-minio/fujian/商品审核/0f82a1aa194841d5a3f6efca81b77105.png,自然人动产核验服务,0元,0,福建大数据一级开发有限公司,,,0.0,3,
,,6,,,1751602186598002690,通过查询工商行政管理机构的数据和公开信息，为用户提供企业法人是否为党员的核验服务，帮助用户了解企业法人的政治面貌和社会背景，用于评估企业法人的信誉和合作意愿。,2,,1,https://trade.fjbdex.com:443/ltywpt-minio/fujian/商品审核/0f82a1aa194841d5a3f6efca81b77105.png,企业法人党员核验服务,0元,0,福建大数据一级开发有限公司,,,0.0,3,
,,12,,,1751602186379898881,通过查询医保管理机构的数据，为用户提供自然人本年月均医保消费笔数的区间查询结果，帮助用户了解个人医疗消费趋势，用于医疗保险选择、健康管理等方面。,2,,1,https://trade.fjbdex.com:443/ltywpt-minio/fujian/商品审核/0f82a1aa194841d5a3f6efca81b77105.png,自然人本年月均医保消费笔数区间查询服务,0元,0,福建大数据一级开发有限公司,,,0.0,3,
,,9,,,1751602186182766593,查询省公安厅发布的交通管理相关信息，包括交通管制、交通安全提示等，为公众提供交通管理的最新动态。,2,,1,https://trade.fjbdex.com:443/ltywpt-minio/fujian/商品审核/0f82a1aa194841d5a3f6efca81b77105.png,省公安厅交通管理信息查询服务,0元,0,福建大数据一级开发有限公司,,,0.0,3,
,,12,,,1751602185985634306,提供特定河流在累计月份的水质监测数据，便于环保机构和公众长期跟踪河流水质变化。,2,,1,https://trade.fjbdex.com:443/ltywpt-minio/fujian/商品审核/0f82a1aa194841d5a3f6efca81b77105.png,河流水质累计分析查询服务,0元,0,福建大数据一级开发有限公司,,,0.0,3,
,,12,,,1751602185792696322,通过查询企业在本年度福建省内的政府项目中标情况，为用户提供企业在福建省内政府项目中标的具体信息，用于了解企业在政府采购领域的业绩和实力。,2,,1,https://trade.fjbdex.com:443/ltywpt-minio/fujian/商品审核/0f82a1aa194841d5a3f6efca81b77105.png,企业本年度福建省内政府项目中标情况查询服务,0元,0,福建大数据一级开发有限公司,,,0.0,3,
,,7,,,1751602185553620993,查询渔船的合法捕捞资质，包括资质状态和有效期，帮助渔业管理部门和相关企业核实渔船的合法性。,2,,1,https://trade.fjbdex.com:443/ltywpt-minio/fujian/商品审核/0f82a1aa194841d5a3f6efca81b77105.png,捕捞渔船合法性核验服务,0元,0,福建大数据一级开发有限公司,,,0.0,3,
,,77,,,1751602185352294401,根据医保结算数据，结合人口库关系图谱，为用户提供家庭上年度医疗费用支出金额的查询结果，帮助用户了解家庭的医疗开支情况。,2,,1,https://trade.fjbdex.com:443/ltywpt-minio/fujian/商品审核/0f82a1aa194841d5a3f6efca81b77105.png,自然人家庭上年度医疗费用支出金额查询服务,0元,0,福建大数据一级开发有限公司,,,0.0,3,
,,7,,,1751602185134190593,旨在提供企业个人股东的数量信息，通过分析公开的企业注册资料和股权变更记录，帮助用户理解企业的个人股权构成，评估企业的股东背景及其对企业发展的潜在影响。,2,,1,https://trade.fjbdex.com:443/ltywpt-minio/fujian/商品审核/0f82a1aa194841d5a3f6efca81b77105.png,企业个人股东数量查询服务,0元,0,福建大数据一级开发有限公司,,,0.0,3,
,,8,,,1751602184928669698,查询省公安厅关于教育培训的信息，包括培训通知、培训内容等，为公安人员及相关人员提供培训信息。,2,,1,https://trade.fjbdex.com:443/ltywpt-minio/fujian/商品审核/0f82a1aa194841d5a3f6efca81b77105.png,公安教育培训信息查询服务,0元,0,福建大数据一级开发有限公司,,,0.0,3,
,,16,,,1751602184735731714,通过查询医疗机构的数据，为用户提供自然人慢性病患病情况的核验结果，帮助用户了解个人是否患有慢性病，用于医疗保险选择、健康管理等方面。,2,,1,https://trade.fjbdex.com:443/ltywpt-minio/fujian/商品审核/0f82a1aa194841d5a3f6efca81b77105.png,自然人慢性病核验服务,0元,0,福建大数据一级开发有限公司,,,0.0,3,
,,7,,,1751602184538599425,查询获得专精特新、技术创新等示范称号的企业信息，包括企业名称、所获称号、认定时间等，帮助用户了解行业内的领军企业和创新实力。,2,,1,https://trade.fjbdex.com:443/ltywpt-minio/fujian/商品审核/0f82a1aa194841d5a3f6efca81b77105.png,示范企业（专精特新、技术创新等）查询服务,0元,0,福建大数据一级开发有限公司,,,0.0,3,
,,8,,,1751602184337272834,提供对特定自然人是否为流动人口的核验服务，用于确认自然人的流动人口身份。,2,,1,https://trade.fjbdex.com:443/ltywpt-minio/fujian/商品审核/0f82a1aa194841d5a3f6efca81b77105.png,自然人流动人口核验服务,0元,0,福建大数据一级开发有限公司,,,0.0,3,
,,7,,,1751602184144334849,通过查询农业部门或相关管理机构的数据，为用户提供自然人农机数量的查询结果，帮助用户了解自然人名下的农机数量，用于农业经营管理、生产规划等方面。,2,,1,https://trade.fjbdex.com:443/ltywpt-minio/fujian/商品审核/0f82a1aa194841d5a3f6efca81b77105.png,自然人农机数量查询服务,0元,0,福建大数据一级开发有限公司,,,0.0,3,
,,11,,,1751602183934619649,通过分析企业的司法记录，帮助了解企业的法律风险和运营状况。,2,,1,https://trade.fjbdex.com:443/ltywpt-minio/fujian/商品审核/0f82a1aa194841d5a3f6efca81b77105.png,企业涉案件数查询服务,0元,0,福建大数据一级开发有限公司,,,0.0,3,
,,10,,,1751602183737487362,通过分析企业职工的公积金缴纳基数数据，为用户提供企业职工公积金缴纳基数的平均值信息，用于了解企业职工的收入水平和福利待遇。,2,,1,https://trade.fjbdex.com:443/ltywpt-minio/fujian/商品审核/0f82a1aa194841d5a3f6efca81b77105.png,企业职工公积金缴纳基数平均值查询服务,0元,0,福建大数据一级开发有限公司,,,0.0,3,
,,11,,,1751602183498412033,通过人口库关系图谱查询家庭成员的出生日期信息，为用户提供家庭18岁以下人口数量的查询结果，帮助用户了解家庭的未成年人口状况。,2,,1,https://trade.fjbdex.com:443/ltywpt-minio/fujian/商品审核/0f82a1aa194841d5a3f6efca81b77105.png,自然人家庭18岁以下人口数量查询服务,0元,0,福建大数据一级开发有限公司,,,0.0,3,
,,7,,,1751602183305474049,通过查询工商行政管理机构的数据，为用户提供企业的性质信息，包括国有企业、集体企业、股份制企业、私营企业等，用于市场调研、商务合作等方面。,2,,1,https://trade.fjbdex.com:443/ltywpt-minio/fujian/商品审核/0f82a1aa194841d5a3f6efca81b77105.png,企业性质查询服务,0元,0,福建大数据一级开发有限公司,,,0.0,3,
,,15,,,1751602183112536066,提供对特定自然人是否已经死亡的核验服务，用于确认自然人是否已经去世。,2,,1,https://trade.fjbdex.com:443/ltywpt-minio/fujian/商品审核/0f82a1aa194841d5a3f6efca81b77105.png,自然人死亡核验服务,0元,0,福建大数据一级开发有限公司,,,0.0,3,
,,10,,,1751602182898626562,通过查询公积金管理机构的数据和公开信息，为用户提供企业公积金缴纳金额在全市范围内的排名百分比，用于了解企业在本地市场中的缴纳水平和竞争力。,2,,1,https://trade.fjbdex.com:443/ltywpt-minio/fujian/商品审核/0f82a1aa194841d5a3f6efca81b77105.png,企业公积金缴纳金额全市排名百分比查询服务,0元,0,福建大数据一级开发有限公司,,,0.0,3,
,,11,,,1751602182705688578,通过查询工商行政管理机构的数据和公开信息，为用户提供企业法人的年龄区间信息，用于了解企业法人的背景和经验情况。,2,,1,https://trade.fjbdex.com:443/ltywpt-minio/fujian/商品审核/0f82a1aa194841d5a3f6efca81b77105.png,企业法人年龄区间查询服务,0元,0,福建大数据一级开发有限公司,,,0.0,3,
,,20,,,1751602182512750594,通过查询相关婚姻登记记录和法律规定，为用户提供自然人的婚姻状态信息，包括已婚、未婚、离异等状态，帮助用户核实个人的婚姻状况。,2,,1,https://trade.fjbdex.com:443/ltywpt-minio/fujian/商品审核/0f82a1aa194841d5a3f6efca81b77105.png,自然人婚姻状态查询服务,0元,0,福建大数据一级开发有限公司,,,0.0,3,
,,8,,,1751602182290452481,提供企业的基本信息查询，包括企业名称、产业类型、经营范围等，便于政府部门、投资者和合作伙伴了解企业基本情况。,2,,1,https://trade.fjbdex.com:443/ltywpt-minio/fujian/商品审核/0f82a1aa194841d5a3f6efca81b77105.png,生产主体基本信息查询服务,0元,0,福建大数据一级开发有限公司,,,0.0,3,
,,8,,,1751602182097514498,查询企业历史上的行政处罚记录，包括处罚原因、处罚金额和处罚日期，帮助用户评估企业的合规性和风险。,2,,1,https://trade.fjbdex.com:443/ltywpt-minio/fujian/商品审核/0f82a1aa194841d5a3f6efca81b77105.png,企业行政处罚记录查询服务,0元,0,福建大数据一级开发有限公司,,,0.0,3,
,,9,,,1751602181896187906,通过查询家庭成员的农村土地承包经营权登记信息，为用户提供家庭是否拥有农村土地承包经营权的查询结果，帮助用户了解家庭的土地权益情况。,2,,1,https://trade.fjbdex.com:443/ltywpt-minio/fujian/商品审核/0f82a1aa194841d5a3f6efca81b77105.png,自然人家庭农村土地承包经营权核验服务,0元,0,福建大数据一级开发有限公司,,,0.0,3,
,,6,,,1751602181703249922,通过深入分析企业注册信息和股权结构变更记录，为用户揭示企业的股权分布和法人股东的变化趋势，辅助评估企业的股权稳定性和投资吸引力。,2,,1,https://trade.fjbdex.com:443/ltywpt-minio/fujian/商品审核/0f82a1aa194841d5a3f6efca81b77105.png,企业法人股东数量查询服务,0元,0,福建大数据一级开发有限公司,,,0.0,3,
,,10,,,1751602181493534721,通过查询相关部门的数据和公开信息，为用户提供企业法人是否为刑满释放人员的核验服务，用于评估企业法人的背景和信誉。,2,,1,https://trade.fjbdex.com:443/ltywpt-minio/fujian/商品审核/0f82a1aa194841d5a3f6efca81b77105.png,企业法人刑满释放人员核验服务,0元,0,福建大数据一级开发有限公司,,,0.0,3,
,,6,,,1751602181292208129,通过查询自然人的生育记录和相关政策规定，为用户提供家庭生育情况信息，包括子女数量、生育证明等，帮助用户了解个人的生育情况和享受相应政策的资格。,2,,1,https://trade.fjbdex.com:443/ltywpt-minio/fujian/商品审核/0f82a1aa194841d5a3f6efca81b77105.png,自然人家庭生育情况查询服务,0元,0,福建大数据一级开发有限公司,,,0.0,3,
,,6,,,1751602181057327105,通过综合评估企业的社保缴纳情况，为用户提供企业社保缴纳的指数，用于评估企业的员工社会保障程度和财务稳定性。,2,,1,https://trade.fjbdex.com:443/ltywpt-minio/fujian/商品审核/0f82a1aa194841d5a3f6efca81b77105.png,企业社保缴纳指数,0元,0,福建大数据一级开发有限公司,,,0.0,3,
,,12,,,1751602180864389121,通过查询社会保险管理机构的数据，为用户提供自然人近一年社保缴存单位的数量信息，帮助用户了解个人就业稳定性和职业变动情况，用于信用评估、贷款申请等方面。,2,,1,https://trade.fjbdex.com:443/ltywpt-minio/fujian/商品审核/0f82a1aa194841d5a3f6efca81b77105.png,自然人近一年社保缴存单位个数查询服务,0元,0,福建大数据一级开发有限公司,,,0.0,3,
,,7,,,1751602180663062529,提供特定地区或监测点的小时空气质量数据，包括AQI指数、主要污染物等，帮助公众了解当前空气质量状况。,2,,1,https://trade.fjbdex.com:443/ltywpt-minio/fujian/商品审核/0f82a1aa194841d5a3f6efca81b77105.png,小时空气质量实时监测查询服务,0元,0,福建大数据一级开发有限公司,,,0.0,3,
,,8,,,1751602180444958721,提供福建省属公立医院的质量信息，包括床位数、医疗资源等，帮助用户选择医疗服务。,2,,1,https://trade.fjbdex.com:443/ltywpt-minio/fujian/商品审核/0f82a1aa194841d5a3f6efca81b77105.png,公立医院质量信息查询服务,0元,0,福建大数据一级开发有限公司,,,0.0,3,
,,26,,,1751602180226854913,通过综合评估企业的注册信息、经营状况、信用历史等数据，为用户提供企业信用综合指数，帮助用户了解企业的信用状况和经营风险，用于金融机构的授信决策、供应链管理等方面。,2,,1,https://trade.fjbdex.com:443/ltywpt-minio/fujian/商品审核/0f82a1aa194841d5a3f6efca81b77105.png,企业信用综合指数,0元,0,福建大数据一级开发有限公司,,,0.0,3,
,,10,,,1751602180025528322,提供福建省的统计进度数据查询，包括经济发展、人口统计等多个维度，便于政府部门、企业和研究机构进行数据分析和决策支持。,2,,1,https://trade.fjbdex.com:443/ltywpt-minio/fujian/商品审核/0f82a1aa194841d5a3f6efca81b77105.png,福建省统计数据查询服务,0元,0,福建大数据一级开发有限公司,,,0.0,3,
,,8,,,1751602179778064386,通过查询司法案件信息，为用户提供个人近一年内是否涉及民事案件的查询结果，帮助用户了解个人的司法记录。,2,,1,https://trade.fjbdex.com:443/ltywpt-minio/fujian/商品审核/0f82a1aa194841d5a3f6efca81b77105.png,自然人近一年内涉民事案件核验服务,0元,0,福建大数据一级开发有限公司,,,0.0,3,
,,13,,,1751602179564154881,通过医疗机构的诊断记录和医保数据，为用户提供自然人重病病种类型的查询结果，帮助用户了解个人患病情况和风险评估，用于保险购买、健康管理等方面。,2,,1,https://trade.fjbdex.com:443/ltywpt-minio/fujian/商品审核/0f82a1aa194841d5a3f6efca81b77105.png,自然人重病病种类型查询服务,0元,0,福建大数据一级开发有限公司,,,0.0,3,
,,8,,,1751602179337662466,通过分析企业的公积金缴纳数据和缴纳比例，为用户提供企业公积金缴纳的指数，用于评估企业的员工福利和财务稳定性。,2,,1,https://trade.fjbdex.com:443/ltywpt-minio/fujian/商品审核/0f82a1aa194841d5a3f6efca81b77105.png,企业公积金缴纳指数,0元,0,福建大数据一级开发有限公司,,,0.0,3,
,,10,,,1751602179140530177,根据用户输入的关键词，为用户提供自然人职业名称查询结果，用于职业了解、招聘筛选等方面。,2,,1,https://trade.fjbdex.com:443/ltywpt-minio/fujian/商品审核/0f82a1aa194841d5a3f6efca81b77105.png,自然人个人职业查询服务,0元,0,福建大数据一级开发有限公司,,,0.0,3,
,,11,,,1751602178943397889,通过查询信用黑名单，为用户提供个人是否被列入信用黑名单的查询结果，帮助用户了解个人的信用状况。,2,,1,https://trade.fjbdex.com:443/ltywpt-minio/fujian/商品审核/0f82a1aa194841d5a3f6efca81b77105.png,自然人信用黑名单核验服务,0元,0,福建大数据一级开发有限公司,,,0.0,3,
,,24,,,1751602178700128258,为用户提供对特定自然人的基本信息查询服务，包括但不限于年龄、性别、民族、政治面貌、籍贯、常住地址、户籍地址等信息，通过公共数据源获取相关数据，帮助用户了解自然人的基本情况。,2,,1,https://trade.fjbdex.com:443/ltywpt-minio/fujian/商品审核/0f82a1aa194841d5a3f6efca81b77105.png,自然人基本信息查询服务,0元,0,福建大数据一级开发有限公司,,,0.0,3,
,,16,,,1751602178502995969,通过查询交通管理机构的数据，为用户提供自然人驾驶证和身份证信息的核验结果。,2,,1,https://trade.fjbdex.com:443/ltywpt-minio/fujian/商品审核/0f82a1aa194841d5a3f6efca81b77105.png,自然人驾驶证核验服务,0元,0,福建大数据一级开发有限公司,,,0.0,3,
,,7,,,1751602178310057986,提供养殖业起捕信息的查询服务，包括养殖种类、起捕时间、起捕量等，帮助用户了解养殖业的生产情况。,2,,1,https://trade.fjbdex.com:443/ltywpt-minio/fujian/商品审核/0f82a1aa194841d5a3f6efca81b77105.png,养殖业起捕信息查询服务,0元,0,福建大数据一级开发有限公司,,,0.0,3,
,,10,,,1751602178096148482,通过查询残疾人事务管理机构的数据，为用户提供自然人残疾状况的核验结果，帮助用户了解个人是否残疾，用于残疾人福利申请、社会保障等方面。,2,,1,https://trade.fjbdex.com:443/ltywpt-minio/fujian/商品审核/0f82a1aa194841d5a3f6efca81b77105.png,自然人残疾状况核验服务,0元,0,福建大数据一级开发有限公司,,,0.0,3,
,,8,,,1751602177899016193,通过查询税务管理机构的数据，为用户提供自然人近三年欠税核验的结果，帮助用户了解自然人在过去三年内是否存在欠税情况，辅助风险评估和合规性审查。,2,,1,https://trade.fjbdex.com:443/ltywpt-minio/fujian/商品审核/0f82a1aa194841d5a3f6efca81b77105.png,自然人近三年欠税核验服务,0元,0,福建大数据一级开发有限公司,,,0.0,3,
,,7,,,1751602177697689601,通过查询医保管理机构的数据，为用户提供个人医保缴纳额度的区间查询结果，帮助用户了解个人医保缴纳额度的范围。,2,,1,https://trade.fjbdex.com:443/ltywpt-minio/fujian/商品审核/0f82a1aa194841d5a3f6efca81b77105.png,自然人医保缴纳额度区间查询服务,0元,0,福建大数据一级开发有限公司,,,0.0,3,
,,13,,,1751602177483780098,通过人口库关系图谱查询家庭成员的出生日期信息，为用户提供家庭60岁以上人口数量的查询结果，帮助用户了解家庭的老年人口状况。,2,,1,https://trade.fjbdex.com:443/ltywpt-minio/fujian/商品审核/0f82a1aa194841d5a3f6efca81b77105.png,自然人家庭60岁以上人口数量查询服务,0元,0,福建大数据一级开发有限公司,,,0.0,3,
,,13,,,1751602177248899074,提供全省范围内的医疗诊疗项目信息查询，帮助用户了解可接受的医疗服务及其标准化名称。,2,,1,https://trade.fjbdex.com:443/ltywpt-minio/fujian/商品审核/0f82a1aa194841d5a3f6efca81b77105.png,医疗诊疗项目查询服务,0元,0,福建大数据一级开发有限公司,,,0.0,3,
,,9,,,1751602177043378177,通过查询医疗机构的数据，为用户提供自然人高频住院次数的核验结果，8次以上则判定为高频住院，帮助用户了解个人就医频次和住院情况，用于医疗保险选择、健康管理等方面。,2,,1,https://trade.fjbdex.com:443/ltywpt-minio/fujian/商品审核/0f82a1aa194841d5a3f6efca81b77105.png,自然人高频住院核验服务,0元,0,福建大数据一级开发有限公司,,,0.0,3,
,,6,,,1751602176816885762,提供福建省各预防接种单位的位置信息、服务项目、营业时间等详细信息，方便用户查询并选择就近的预防接种单位进行疫苗接种服务。,2,,1,https://trade.fjbdex.com:443/ltywpt-minio/fujian/商品审核/0f82a1aa194841d5a3f6efca81b77105.png,预防接种单位查询服务,0元,0,福建大数据一级开发有限公司,,,0.0,3,
,,10,,,1751602176594587649,通过查询家庭成员的医疗就诊记录和住院次数，为用户提供家庭成员高频住院人员数量的查询结果，帮助用户了解家庭成员的健康情况和医疗需求。,2,,1,https://trade.fjbdex.com:443/ltywpt-minio/fujian/商品审核/0f82a1aa194841d5a3f6efca81b77105.png,自然人家庭成员高频住院人员数量查询服务,0元,0,福建大数据一级开发有限公司,,,0.0,3,
,,8,,,1751602176393261057,通过查询工商行政管理机构的数据和公开信息，为用户提供企业法人的性别信息，用于识别企业法定代表人身份和沟通交流。,2,,1,https://trade.fjbdex.com:443/ltywpt-minio/fujian/商品审核/0f82a1aa194841d5a3f6efca81b77105.png,企业法人性别查询服务,0元,0,福建大数据一级开发有限公司,,,0.0,3,
,,7,,,1751602176175157249,通过查询自然人的生育记录和相关政策规定，为用户提供三胎家庭核验结果，帮助用户确认个人的三胎家庭身份和享受相应政策的资格。,2,,1,https://trade.fjbdex.com:443/ltywpt-minio/fujian/商品审核/0f82a1aa194841d5a3f6efca81b77105.png,自然人三胎家庭核验服务,0元,0,福建大数据一级开发有限公司,,,0.0,3,
,,7,,,1751602175961247746,提供海上捕捞企业的捕捞量信息查询，帮助相关企业和个人了解市场供应情况，进行市场分析和决策。,2,,1,https://trade.fjbdex.com:443/ltywpt-minio/fujian/商品审核/0f82a1aa194841d5a3f6efca81b77105.png,海上捕捞量查询服务,0元,0,福建大数据一级开发有限公司,,,0.0,3,
,,6,,,1751602175772504066,通过查询社保系统的数据和员工档案记录，为用户提供企业职工的平均入司年数信息，用于了解企业员工的忠诚度和稳定性。,2,,1,https://trade.fjbdex.com:443/ltywpt-minio/fujian/商品审核/0f82a1aa194841d5a3f6efca81b77105.png,企业职工平均入司年数（社保）查询服务,0元,0,福建大数据一级开发有限公司,,,0.0,3,
,,9,,,1751602175579566082,通过查询相关机构的刑满释放人员信息，为用户提供个人是否为刑满释放人员的查询结果，帮助用户了解个人的刑满释放身份。,2,,1,https://trade.fjbdex.com:443/ltywpt-minio/fujian/商品审核/0f82a1aa194841d5a3f6efca81b77105.png,自然人刑满释放人员核验服务,0元,0,福建大数据一级开发有限公司,,,0.0,3,
,,9,,,1751602175382433793,通过评估企业的规模、研发投入、技术创新成果等指标，判断企业是否符合科技型中小企业的标准，旨在识别那些具有高成长潜力和创新能力的中小规模企业。,2,,1,https://trade.fjbdex.com:443/ltywpt-minio/fujian/商品审核/0f82a1aa194841d5a3f6efca81b77105.png,企业是否为科技型中小企业核验服务,0元,0,福建大数据一级开发有限公司,,,0.0,3,
,,7,,,1751602175176912897,提供福建省的统计年鉴信息，包括经济、社会、环境等各方面的统计数据，便于研究者和决策者获取宏观数据支持。,2,,1,https://trade.fjbdex.com:443/ltywpt-minio/fujian/商品审核/0f82a1aa194841d5a3f6efca81b77105.png,福建省统计年鉴查询服务,0元,0,福建大数据一级开发有限公司,,,0.0,3,
,,7,,,1751602174908477442,通过查询公积金管理机构的数据和公开信息，为用户提供企业公积金缴纳人数在全省范围内的排名百分比，用于了解企业在全省范围内的人员规模和竞争力。,2,,1,https://trade.fjbdex.com:443/ltywpt-minio/fujian/商品审核/0f82a1aa194841d5a3f6efca81b77105.png,企业公积金缴纳人数全省排名百分比查询服务,0元,0,福建大数据一级开发有限公司,,,0.0,3,
,,12,,,1751602174707150850,统计企业历史上被行政强制执行的总次数，通过分析企业在遵守法律法规方面的表现，为评估企业的信用和风险状况提供数据支持。,2,,1,https://trade.fjbdex.com:443/ltywpt-minio/fujian/商品审核/0f82a1aa194841d5a3f6efca81b77105.png,企业被行政强制执行次数查询服务,0元,0,福建大数据一级开发有限公司,,,0.0,3,
,,8,,,1751602174497435650,提供养殖基地的详细信息查询，包括养殖种类、规模、地理位置等，帮助用户了解养殖行业分布和养殖基地情况。,2,,1,https://trade.fjbdex.com:443/ltywpt-minio/fujian/商品审核/0f82a1aa194841d5a3f6efca81b77105.png,养殖基地信息查询服务,0元,0,福建大数据一级开发有限公司,,,0.0,3,
,,7,,,1751602174279331841,通过查询社保系统的数据和员工档案记录，为用户提供企业社保缴纳人数信息，用于了解企业的社保缴纳情况和人员规模。,2,,1,https://trade.fjbdex.com:443/ltywpt-minio/fujian/商品审核/0f82a1aa194841d5a3f6efca81b77105.png,企业社保缴纳人数查询服务,0元,0,福建大数据一级开发有限公司,,,0.0,3,
,,7,,,1751602174073810945,通过查询工商管理机构的数据，为用户提供自然人个体工商户信息核验的结果，帮助用户验证自然人是否注册了个体工商户，用于背景调查、合作决策等方面。,2,,1,https://trade.fjbdex.com:443/ltywpt-minio/fujian/商品审核/0f82a1aa194841d5a3f6efca81b77105.png,自然人个体共商户信息核验服务,0元,0,福建大数据一级开发有限公司,,,0.0,3,
,,11,,,1751602173872484354,根据企业向税务局申报的企业资产负债表上的财务数据计算流动比率，为用户提供企业的流动比率信息，用于了解企业的短期偿债能力和资金使用效率。,2,,1,https://trade.fjbdex.com:443/ltywpt-minio/fujian/商品审核/0f82a1aa194841d5a3f6efca81b77105.png,企业流动比率查询服务,0元,0,福建大数据一级开发有限公司,,,0.0,3,
,,6,,,1751602173671157762,"根据企业向税务局申报的利润表上的财务数据计算存货周转率，公式为存货周转率=销售成本/存货平均余额*100%，为用户提供企业的存货周转率信息，用于了解企业的存货流通速度和库存管理效率。

输入参数：统一社会信用代码（纳税人识别号）、法定代表人姓名、法定代表人身份证件类型代码（默认201）、法定代表人身份证件号码、法定代表人移动电话

输出参数：存货周转率（浮点数）",2,,1,https://trade.fjbdex.com:443/ltywpt-minio/fujian/商品审核/0f82a1aa194841d5a3f6efca81b77105.png,企业存货周转率查询服务,0元,0,福建大数据一级开发有限公司,,,0.0,3,
,,7,,,1751602173469831169,提供特定地区或监测点的日空气质量监测数据，包括各污染物的监测值、是否超标等，帮助公众了解空气质量变化情况。,2,,1,https://trade.fjbdex.com:443/ltywpt-minio/fujian/商品审核/0f82a1aa194841d5a3f6efca81b77105.png,日空气质量监测数据查询服务,0元,0,福建大数据一级开发有限公司,,,0.0,3,
,,6,,,1751602173268504577,通过查询工商行政管理机构的数据和公开信息，为用户提供企业在同行业中职工人数在全省范围内的排名百分比，用于了解企业在行业中的竞争地位。,2,,1,https://trade.fjbdex.com:443/ltywpt-minio/fujian/商品审核/0f82a1aa194841d5a3f6efca81b77105.png,企业同行业职工人数全省排名百分比查询服务,0元,0,福建大数据一级开发有限公司,,,0.0,3,
,,7,,,1751602173071372290,通过查询相关人力资源管理机构的数据，为用户提供自然人在职企业性质的查询结果，帮助用户了解自然人所在企业的性质，如国有企业、民营企业等，用于背景调查、招聘筛选等方面。,2,,1,https://trade.fjbdex.com:443/ltywpt-minio/fujian/商品审核/0f82a1aa194841d5a3f6efca81b77105.png,自然人在职企业性质查询服务,0元,0,福建大数据一级开发有限公司,,,0.0,3,
,,6,,,1751602172840685570,通过查询工商行政管理机构的数据和公开信息，为用户提供企业本年度职工人数的区间信息，用于了解企业的规模和发展情况。,2,,1,https://trade.fjbdex.com:443/ltywpt-minio/fujian/商品审核/0f82a1aa194841d5a3f6efca81b77105.png,企业本年度职工人数区间查询服务,0元,0,福建大数据一级开发有限公司,,,0.0,3,
,,6,,,1751602172630970369,"查询该区域夏季种植业的生产进度，包括作物种植面积、生长情况等。

输入参数：县级行政区划名称
输出参数：作物种植面积、生长情况等信息（JSON格式）",2,,1,https://trade.fjbdex.com:443/ltywpt-minio/fujian/商品审核/0f82a1aa194841d5a3f6efca81b77105.png,夏季种植业生产进度查询服务,0元,0,福建大数据一级开发有限公司,,,0.0,3,
,,6,,,1751602172379312130,提供省公安厅政策文件的解读信息，帮助公众更好地理解和把握政策的含义和应用，促进政策的有效实施。,2,,1,https://trade.fjbdex.com:443/ltywpt-minio/fujian/商品审核/0f82a1aa194841d5a3f6efca81b77105.png,省公安厅政策文件解读信息查询服务,0元,0,福建大数据一级开发有限公司,,,0.0,3,
,,8,,,1751602172152819714,通过查询医保管理机构的数据，为用户提供自然人上一年医保消费金额的区间查询结果，帮助用户了解个人医疗消费水平，用于医疗保险选择、财务规划等方面。,2,,1,https://trade.fjbdex.com:443/ltywpt-minio/fujian/商品审核/0f82a1aa194841d5a3f6efca81b77105.png,自然人上一年医保消费金额区间查询服务,0元,0,福建大数据一级开发有限公司,,,0.0,3,
,,10,,,1751602171917938689,通过查询医疗机构的数据，为用户提供自然人的生活自理能力类型信息，帮助用户了解个人的生活自理能力水平，用于长期护理保险选择、健康管理等方面。,2,,1,https://trade.fjbdex.com:443/ltywpt-minio/fujian/商品审核/0f82a1aa194841d5a3f6efca81b77105.png,自然人生活自理能力类型查询服务,0元,0,福建大数据一级开发有限公司,,,0.0,3,
,,7,,,1751602171708223489,提供射钉器的实名销售记录查询服务，帮助监管部门和企业进行销售记录的追踪和管理。,2,,1,https://trade.fjbdex.com:443/ltywpt-minio/fujian/商品审核/0f82a1aa194841d5a3f6efca81b77105.png,射钉器销售记录查询服务,0元,0,福建大数据一级开发有限公司,,,0.0,3,
,,9,,,1751602171502702594,通过查询法院失信被执行人名单，为用户提供个人是否为失信被执行人的查询结果，帮助用户了解个人的诚信状况。,2,,1,https://trade.fjbdex.com:443/ltywpt-minio/fujian/商品审核/0f82a1aa194841d5a3f6efca81b77105.png,自然人失信被执行人核验服务,0元,0,福建大数据一级开发有限公司,,,0.0,3,
,,19,,,1751602171301376002,通过查询跨境电商平台的数据，为用户提供自然人个人跨境电商年消费金额的区间信息，帮助用户了解个人在跨境电商领域的消费水平，用于市场调研、产品定位等方面。,2,,1,https://trade.fjbdex.com:443/ltywpt-minio/fujian/商品审核/0f82a1aa194841d5a3f6efca81b77105.png,自然人个人跨境电商年消费金额区间查询服务,0元,0,福建大数据一级开发有限公司,,,0.0,3,
,,13,,,1751602171053912066,通过查询跨境电商平台的数据，为用户提供自然人个人跨境电商年消费笔数的区间信息，帮助用户了解个人在跨境电商领域的消费活跃程度，用于市场调研、产品定位等方面。,2,,1,https://trade.fjbdex.com:443/ltywpt-minio/fujian/商品审核/0f82a1aa194841d5a3f6efca81b77105.png,自然人个人跨境电商年消费笔数区间查询服务,0元,0,福建大数据一级开发有限公司,,,0.0,3,
,,13,,,1751602170831613954,通过查询家庭成员的农村医疗保险缴纳记录，为用户提供家庭缴纳农村医疗保险人数的查询结果，帮助用户了解家庭成员的医疗保障情况。,2,,1,https://trade.fjbdex.com:443/ltywpt-minio/fujian/商品审核/0f82a1aa194841d5a3f6efca81b77105.png,自然人家庭缴纳农村医疗保险人数查询服务,0元,0,福建大数据一级开发有限公司,,,0.0,3,
,,11,,,1751602170630287362,提供企业是否获得高新技术企业认证的查询服务，通过对企业的研发能力、技术成果和行业地位等信息的分析，评估企业的创新能力和行业竞争力。,2,,1,https://trade.fjbdex.com:443/ltywpt-minio/fujian/商品审核/0f82a1aa194841d5a3f6efca81b77105.png,企业是否具有高新企业认证核验服务,0元,0,福建大数据一级开发有限公司,,,0.0,3,
,,10,,,1751602170428960769,"返回当前企业是否被福建省市场监督管理局列入“严重违法失信企业名单”。""严重违法失信企业""是指在市场监督管理过程中，违反相关法律法规的企业，这些企业在受到市场监管部门的行政处罚或行政裁决后，其违法行为被认定为性质恶劣、情节严重、社会危害较大。",2,,1,https://trade.fjbdex.com:443/ltywpt-minio/fujian/商品审核/0f82a1aa194841d5a3f6efca81b77105.png,严重违法失信企业核验服务,0元,0,福建大数据一级开发有限公司,,,0.0,3,
,,6,,,1751602170227634178,返回该企业当前是否存在于企业经营异常名录。企业被列入经营异常名录指的是：通过登记的住所或者经营场所无法联系；公示企业信息中存在隐瞒真实情况、弄虚作假的情况；未依照规定的期限公示年度报告或者未在工商行政管理部门依照规定公示有关企业信息。,2,,1,https://trade.fjbdex.com:443/ltywpt-minio/fujian/商品审核/0f82a1aa194841d5a3f6efca81b77105.png,企业经营异常名录核验服务,0元,0,福建大数据一级开发有限公司,,,0.0,3,
,,10,,,1751602170026307585,提供湖库在累计月份的水质监测数据，包括水质类别、超标项目等，帮助环保机构和公众了解湖库的水质状况。,2,,1,https://trade.fjbdex.com:443/ltywpt-minio/fujian/商品审核/0f82a1aa194841d5a3f6efca81b77105.png,湖库水质累计监测查询服务,0元,0,福建大数据一级开发有限公司,,,0.0,3,
,,7,,,1751602169812398082,通过查询公积金管理机构的数据和公开信息，为用户提供企业公积金缴纳比例的查询服务，用于了解企业的公积金缴纳政策和执行情况。,2,,1,https://trade.fjbdex.com:443/ltywpt-minio/fujian/商品审核/0f82a1aa194841d5a3f6efca81b77105.png,企业公积金缴纳比例查询服务,0元,0,福建大数据一级开发有限公司,,,0.0,3,
,,9,,,1751602169606877186,通过查询社保管理机构的数据，为用户提供个人社保最大连续缴纳月数的查询结果，帮助用户了解个人社保的稳定缴纳情况。,2,,1,https://trade.fjbdex.com:443/ltywpt-minio/fujian/商品审核/0f82a1aa194841d5a3f6efca81b77105.png,自然人社保最大连续缴纳月数查询服务,0元,0,福建大数据一级开发有限公司,,,0.0,3,
,,7,,,1751602169397161985,通过分析企业的合规记录，评估企业的法律遵守状况和潜在风险。行政处罚是指特定的行政主体对违反行政管理秩序但尚未构成犯罪的公民、法人或其他社会组织予以制裁的行政行为。,2,,1,https://trade.fjbdex.com:443/ltywpt-minio/fujian/商品审核/0f82a1aa194841d5a3f6efca81b77105.png,企业行政处罚次数查询服务,0元,0,福建大数据一级开发有限公司,,,0.0,3,
,,6,,,1751602169141309442,通过查询工商管理机构的数据，为用户提供自然人企业法人信息核验的结果，帮助用户验证自然人是否担任某个企业的法定代表人，用于背景调查、合作决策等方面。,2,,1,https://trade.fjbdex.com:443/ltywpt-minio/fujian/商品审核/0f82a1aa194841d5a3f6efca81b77105.png,自然人企业法人信息核验服务,0元,0,福建大数据一级开发有限公司,,,0.0,3,
,,6,,,1751602168935788545,提供查询特定合同的备案信息，包括备案编号、合同双方、合同金额等，帮助用户了解合同的正式备案情况。,2,,1,https://trade.fjbdex.com:443/ltywpt-minio/fujian/商品审核/0f82a1aa194841d5a3f6efca81b77105.png,建筑业合同备案查询服务,0元,0,福建大数据一级开发有限公司,,,0.0,3,
,,7,,,1751602168705101826,返回当前未解除冻结状态的股权冻结记录数。股权冻结是指人民法院通过限制股权所有者提取或转移自己股权的一种强制措施。,2,,1,https://trade.fjbdex.com:443/ltywpt-minio/fujian/商品审核/0f82a1aa194841d5a3f6efca81b77105.png,企业当前股权冻结记录数服务,0元,0,福建大数据一级开发有限公司,,,0.0,3,
,,10,,,1751602168461832193,"判断企业是否可能为空壳企业。分数越高可能性越大。

1、判断企业本年缴纳社保月平均人数，若人数=0 ，增加40分；(0,5]，增加30分；大于5的不加分。
2、判断企业在职人数（年报） 若企业在职人数=0 ，增加20分；(0,5]，增加10分，大于5的不加分。
3、判断企业缴纳医保人数，若医保人数=0 ，增加40分；(0,5]，增加30分；大于5的不加分。

输入参数：统一社会信用代码
输出参数：企业空壳指数（整数）",2,,1,https://trade.fjbdex.com:443/ltywpt-minio/fujian/商品审核/0f82a1aa194841d5a3f6efca81b77105.png,企业空壳判断模型服务,0元,0,福建大数据一级开发有限公司,,,0.0,3,
,,12,,,1751602168264699905,采用聚类算法和消费行为分析，从日常消费、大宗购买和休闲娱乐等方面全面评估家庭支出模式，评估家庭整体支出水平指数。,2,,1,https://trade.fjbdex.com:443/ltywpt-minio/fujian/商品审核/0f82a1aa194841d5a3f6efca81b77105.png,自然人家庭支出指数,0元,0,福建大数据一级开发有限公司,,,0.0,3,
,,9,,,1751602168059179010,提供社会保障卡的状态查询服务，包括卡号、发卡地、应用状态等，帮助持卡人或相关机构了解卡片的使用状态。,2,,1,https://trade.fjbdex.com:443/ltywpt-minio/fujian/商品审核/0f82a1aa194841d5a3f6efca81b77105.png,社会保障卡状态查询服务,0元,0,福建大数据一级开发有限公司,,,0.0,3,
,,19,,,1751602167853658114,通过分析企业的人力资源数据和综合评价，为用户提供企业人力资源的评估指数，用于评估企业的人力资源管理水平和竞争力。,2,,1,https://trade.fjbdex.com:443/ltywpt-minio/fujian/商品审核/0f82a1aa194841d5a3f6efca81b77105.png,企业人力资源评估指数,0元,0,福建大数据一级开发有限公司,,,0.0,3,
,,10,,,1751602167652331522,通过综合评估企业持有的动产情况，为用户提供企业持有动产的综合指数，用于评估企业的流动资产投资水平和资金使用效率。,2,,1,https://trade.fjbdex.com:443/ltywpt-minio/fujian/商品审核/0f82a1aa194841d5a3f6efca81b77105.png,企业持有动产综合指数,0元,0,福建大数据一级开发有限公司,,,0.0,3,
,,10,,,1751602167451004929,通过分析公开的司法和行政记录，提供企业最近一次遭受行政强制执行的时间信息，以反映企业的合规状况和潜在风险。,2,,1,https://trade.fjbdex.com:443/ltywpt-minio/fujian/商品审核/0f82a1aa194841d5a3f6efca81b77105.png,企业最近一次被行政强制执行时间查询服务,0元,0,福建大数据一级开发有限公司,,,0.0,3,
,,11,,,1751602167241289730,通过结合支持向量机和随机森林算法，深入挖掘个人信用记录、还款行为和信用历史等数据，打造高精度的自然人信用评估模型，为用户提供自然人的信用评估指数，帮助用户了解自然人的信用状况。,2,,1,https://trade.fjbdex.com:443/ltywpt-minio/fujian/商品审核/0f82a1aa194841d5a3f6efca81b77105.png,自然人信用评估指数,0元,0,福建大数据一级开发有限公司,,,0.0,3,
,,9,,,1751602167044157442,通过查询公积金管理机构的数据和公开信息，为用户提供企业公积金缴纳人数在全市范围内的排名百分比，用于了解企业在本地市场中的人员规模和竞争力。,2,,1,https://trade.fjbdex.com:443/ltywpt-minio/fujian/商品审核/0f82a1aa194841d5a3f6efca81b77105.png,企业公积金缴纳人数全市排名百分比查询服务,0元,0,福建大数据一级开发有限公司,,,0.0,3,
,,10,,,1751602166800887809,通过查询医保管理机构的数据，为用户提供个人医保连续缴纳月数的查询结果，帮助用户了解个人医保的稳定缴纳情况。,2,,1,https://trade.fjbdex.com:443/ltywpt-minio/fujian/商品审核/0f82a1aa194841d5a3f6efca81b77105.png,自然人医保连续缴纳月数查询服务,0元,0,福建大数据一级开发有限公司,,,0.0,3,
,,7,,,1751602166595366913,通过查询企业的财务报表和总资产记录，为用户提供企业的总资产周转率信息，用于了解企业的资产利用效率和经营水平。,2,,1,https://trade.fjbdex.com:443/ltywpt-minio/fujian/商品审核/0f82a1aa194841d5a3f6efca81b77105.png,企业总资产周转率查询服务,0元,0,福建大数据一级开发有限公司,,,0.0,3,
,,13,,,1751602166381457410,通过查询公积金管理机构的数据，为用户提供个人公积金账户余额的类型查询结果，包括账户余额类型为正常、欠费或其他状态，帮助用户了解个人公积金账户的资金状况。,2,,1,https://trade.fjbdex.com:443/ltywpt-minio/fujian/商品审核/0f82a1aa194841d5a3f6efca81b77105.png,自然人公积金个人账户余额类型查询服务,0元,0,福建大数据一级开发有限公司,,,0.0,3,
,,7,,,1751602166175936514,提供省外建设企业在福建省内分支机构的详细信息查询，包括分支机构名称、负责人、办公地址等，便于监管和合作方了解企业在地区的布局情况。,2,,1,https://trade.fjbdex.com:443/ltywpt-minio/fujian/商品审核/0f82a1aa194841d5a3f6efca81b77105.png,省外建设企业在闽分支机构查询服务,0元,0,福建大数据一级开发有限公司,,,0.0,3,
,,9,,,1751602165970415617,通过查询司法案件信息，为用户提供个人近三年内是否涉及刑事案件的查询结果，帮助用户了解个人的司法记录。,2,,1,https://trade.fjbdex.com:443/ltywpt-minio/fujian/商品审核/0f82a1aa194841d5a3f6efca81b77105.png,自然人近三年内涉刑事案件核验服务,0元,0,福建大数据一级开发有限公司,,,0.0,3,
,,7,,,1751602165748117505,通过核验企业的排污许可证信息，为用户提供企业是否持有合法有效的排污许可证的核实结果，用于评估企业的环境保护意识和合规性。,2,,1,https://trade.fjbdex.com:443/ltywpt-minio/fujian/商品审核/0f82a1aa194841d5a3f6efca81b77105.png,企业持有排污许可证核验服务,0元,0,福建大数据一级开发有限公司,,,0.0,3,
,,6,,,1751602165538402305,通过查询证监会等相关机构的数据，为用户判断企业是否已经上市或者在上市过程中，用于投资决策、市场调研等方面。,2,,1,https://trade.fjbdex.com:443/ltywpt-minio/fujian/商品审核/0f82a1aa194841d5a3f6efca81b77105.png,企业是否上市核验服务,0元,0,福建大数据一级开发有限公司,,,0.0,3,
,,10,,,1751602165332881410,通过查询社保管理机构的数据，为用户提供个人社保连续缴纳月数的查询结果，帮助用户了解个人社保的稳定缴纳情况。,2,,1,https://trade.fjbdex.com:443/ltywpt-minio/fujian/商品审核/0f82a1aa194841d5a3f6efca81b77105.png,自然人社保连续缴纳月数查询服务,0元,0,福建大数据一级开发有限公司,,,0.0,3,
,,13,,,1751602165123166209,通过查询医疗机构的数据，为用户提供自然人多次就医的核验结果。2007年至今，医保消费300次及以上的人群被判定为多次就医。这个标识可以帮助用户了解个人的就医次数和就医稳定性，用于医疗保险选择、健康管理等方面。输入参数为身份证号码，输出参数为多次就医标识（布尔值）。,2,,1,https://trade.fjbdex.com:443/ltywpt-minio/fujian/商品审核/0f82a1aa194841d5a3f6efca81b77105.png,自然人多次就医患者核验服务,0元,0,福建大数据一级开发有限公司,,,0.0,3,
,,6,,,1751602164905062401,通过查询工商行政管理机构的数据和公开信息，为用户提供企业法人的四要素核验服务，包括统一社会信用代码、企业名称、法定代表人、法定代表人身份证四项信息，用于判断企业法人身份真伪和风险评估。,2,,1,https://trade.fjbdex.com:443/ltywpt-minio/fujian/商品审核/0f82a1aa194841d5a3f6efca81b77105.png,企业法人四要素核验服务,0元,0,福建大数据一级开发有限公司,,,0.0,3,
,,9,,,1751602164695347201,提供各级各类学校在学年初的基本信息查询，包括学校规模、师资力量、招生情况等，帮助家长和学生了解学校情况，做出教育选择。,2,,1,https://trade.fjbdex.com:443/ltywpt-minio/fujian/商品审核/0f82a1aa194841d5a3f6efca81b77105.png,学年初各级各类学校基本情况查询服务,0元,0,福建大数据一级开发有限公司,,,0.0,3,
,,12,,,1751602164468854785,提供本科高校教育教学改革研究重大项目的查询服务，包括项目名称、年度、类别等，帮助用户了解高校教育改革的最新动态。,2,,1,https://trade.fjbdex.com:443/ltywpt-minio/fujian/商品审核/0f82a1aa194841d5a3f6efca81b77105.png,高校教改项目查询服务,0元,0,福建大数据一级开发有限公司,,,0.0,3,
,,7,,,1751602164213002241,通过核验相关户籍登记记录和政府机构信息，为用户提供自然人户主身份核验结果，帮助用户确认个人的户籍信息和政府登记记录是否一致。,2,,1,https://trade.fjbdex.com:443/ltywpt-minio/fujian/商品审核/0f82a1aa194841d5a3f6efca81b77105.png,自然人户主核验服务,0元,0,福建大数据一级开发有限公司,,,0.0,3,
,,6,,,1751602164015869954,查询工程项目的基本信息，包括项目规模、项目地点、施工单位等，用于工程监管、投标决策等方面。,2,,1,https://trade.fjbdex.com:443/ltywpt-minio/fujian/商品审核/0f82a1aa194841d5a3f6efca81b77105.png,工程项目信息查询服务,0元,0,福建大数据一级开发有限公司,,,0.0,3,
,,10,,,1751602163814543362,通过查询社保系统的数据和员工档案记录，为用户提供企业职工医保缴纳人数信息，用于了解企业的员工健康保障情况和人员规模。,2,,1,https://trade.fjbdex.com:443/ltywpt-minio/fujian/商品审核/0f82a1aa194841d5a3f6efca81b77105.png,企业职工医保缴纳人数查询服务,0元,0,福建大数据一级开发有限公司,,,0.0,3,
,,8,,,1751602163609022466,通过查询相关人力资源管理机构的数据，为用户提供自然人在职核验的结果，用于帮助用户验证自然人是否在某个单位或组织中任职。这一功能可以应用于背景调查、招聘筛选等方面。输入参数为身份证号码，输出参数为在职状态（布尔值）。,2,,1,https://trade.fjbdex.com:443/ltywpt-minio/fujian/商品审核/0f82a1aa194841d5a3f6efca81b77105.png,自然人在职核验服务,0元,0,福建大数据一级开发有限公司,,,0.0,3,
,,6,,,1751602163399307266,提供企业所获得的荣誉名称和获奖时间，帮助公众和合作伙伴了解企业的社会认可度和业界地位。,2,,1,https://trade.fjbdex.com:443/ltywpt-minio/fujian/商品审核/0f82a1aa194841d5a3f6efca81b77105.png,生产主体企业荣誉信息查询服务,0元,0,福建大数据一级开发有限公司,,,0.0,3,
,,5,,,1751602163185397761,通过查询相关人力资源管理机构的数据，为用户提供自然人所在单位的员工数量查询结果，帮助用户了解自然人所在单位的规模，用于背景调查、招聘筛选等方面。,2,,1,https://trade.fjbdex.com:443/ltywpt-minio/fujian/商品审核/0f82a1aa194841d5a3f6efca81b77105.png,自然人同司人数查询服务,0元,0,福建大数据一级开发有限公司,,,0.0,3,
,,10,,,1751602162984071169,通过查询社保管理机构的数据，为用户提供个人社保总缴纳月份的查询结果，帮助用户了解个人社保的累计缴纳情况。,2,,1,https://trade.fjbdex.com:443/ltywpt-minio/fujian/商品审核/0f82a1aa194841d5a3f6efca81b77105.png,自然人社保总缴纳月份查询服务,0元,0,福建大数据一级开发有限公司,,,0.0,3,
,,9,,,1751602162774355969,通过查询工商行政管理机构的数据，为用户提供企业的经营状态信息，帮助用户了解企业当前的经营状况，用于供应商选择、商务合作等方面。,2,,1,https://trade.fjbdex.com:443/ltywpt-minio/fujian/商品审核/0f82a1aa194841d5a3f6efca81b77105.png,企业经营状态查询服务,0元,0,福建大数据一级开发有限公司,,,0.0,3,
,,13,,,1751602162564640770,提供自然人姓名和身份证号码的二要素核验服务，用于验证输入的姓名和身份证号码是否一致（仅验证福建人口）。,2,,1,https://trade.fjbdex.com:443/ltywpt-minio/fujian/商品审核/0f82a1aa194841d5a3f6efca81b77105.png,自然人姓名身份证二要素核验服务,0元,0,福建大数据一级开发有限公司,,,0.0,3,
,,8,,,1751602162367508482,提供企业危险品经营资质的查询服务，包括证书名称、证书编号、有效期等信息，帮助用户了解企业是否具备危险品经营的合法资质。,2,,1,https://trade.fjbdex.com:443/ltywpt-minio/fujian/商品审核/0f82a1aa194841d5a3f6efca81b77105.png,企业危险品经营资质查询服务,0元,0,福建大数据一级开发有限公司,,,0.0,3,
,,8,,,1751602162141016065,提供特定地区或监测点的日空气质量评价报告，包括AQI指数、AQI等级、主要污染物等，帮助公众了解过去一天的空气质量状况。,2,,1,https://trade.fjbdex.com:443/ltywpt-minio/fujian/商品审核/0f82a1aa194841d5a3f6efca81b77105.png,日空气质量评价报告查询服务,0元,0,福建大数据一级开发有限公司,,,0.0,3,
,,7,,,1751602161927106562,股权冻结是指人民法院通过限制股权所有者提取或转移自己股权的一种强制措施，为用户提供企业股权是否被冻结的核实结果，用于评估企业的股权稳定性和合作风险。,2,,1,https://trade.fjbdex.com:443/ltywpt-minio/fujian/商品审核/0f82a1aa194841d5a3f6efca81b77105.png,企业股权冻结核验服务,0元,0,福建大数据一级开发有限公司,,,0.0,3,
,,18,,,1751602161717391362,提供城市海洋区域的天气预报信息，包括风力、潮汐、波浪等，帮助用户了解海洋天气状况，进行出海、渔业活动的规划。,2,,1,https://trade.fjbdex.com:443/ltywpt-minio/fujian/商品审核/0f82a1aa194841d5a3f6efca81b77105.png,城市海洋天气预报查询服务,0元,0,福建大数据一级开发有限公司,,,0.0,3,
,,8,,,1751602161495093250,通过查询医保管理机构的数据，为用户提供个人医保总缴纳月份的查询结果，帮助用户了解个人医保的累计缴纳情况。,2,,1,https://trade.fjbdex.com:443/ltywpt-minio/fujian/商品审核/0f82a1aa194841d5a3f6efca81b77105.png,自然人医保总缴纳月份查询服务,0元,0,福建大数据一级开发有限公司,,,0.0,3,
,,6,,,1751602161235046401,查询家庭成员的就业情况，为用户提供家庭在就业人口数的查询结果，帮助用户了解家庭的就业情况。,2,,1,https://trade.fjbdex.com:443/ltywpt-minio/fujian/商品审核/0f82a1aa194841d5a3f6efca81b77105.png,自然人家庭在就业人口数查询服务,0元,0,福建大数据一级开发有限公司,,,0.0,3,
,,9,,,1751602161033719809,通过查询残疾人事务管理机构的数据，为用户提供自然人残疾类别信息，帮助用户了解个人的残疾类型，用于残疾人福利申请、社会保障等方面。,2,,1,https://trade.fjbdex.com:443/ltywpt-minio/fujian/商品审核/0f82a1aa194841d5a3f6efca81b77105.png,自然人残疾类别查询服务,0元,0,福建大数据一级开发有限公司,,,0.0,3,
,,10,,,1751602160832393218,通过查询社保管理机构的数据，为用户提供个人社保最近一次缴纳的时间查询结果，帮助用户了解个人社保的缴纳情况和频率。,2,,1,https://trade.fjbdex.com:443/ltywpt-minio/fujian/商品审核/0f82a1aa194841d5a3f6efca81b77105.png,自然人社保最近缴纳时间查询服务,0元,0,福建大数据一级开发有限公司,,,0.0,3,
,,9,,,1751602160635260929,通过查询医保管理机构的数据，为用户提供个人医保最近一次缴纳的时间查询结果，帮助用户了解个人医保的缴纳情况和频率。,2,,1,https://trade.fjbdex.com:443/ltywpt-minio/fujian/商品审核/0f82a1aa194841d5a3f6efca81b77105.png,自然人医保最近缴纳时间查询服务,0元,0,福建大数据一级开发有限公司,,,0.0,3,
,,6,,,1751602160442322946,通过查询工商行政管理机构的数据和公开信息，为用户提供企业的子公司数量的区间信息（子公司定义为控股>50%的公司），帮助用户了解企业的规模和发展情况，用于市场调研、商务合作等方面。,2,,1,https://trade.fjbdex.com:443/ltywpt-minio/fujian/商品审核/0f82a1aa194841d5a3f6efca81b77105.png,企业子公司数量区间查询服务,0元,0,福建大数据一级开发有限公司,,,0.0,3,
,,8,,,1751602160249384962,提供中小企业在各行业中的活动信息，包括但不限于参与的展会、竞赛、合作项目等，帮助用户了解中小企业的市场活跃度和行业影响力。,2,,1,https://trade.fjbdex.com:443/ltywpt-minio/fujian/商品审核/0f82a1aa194841d5a3f6efca81b77105.png,中小企业活动查询服务,0元,0,福建大数据一级开发有限公司,,,0.0,3,
,,16,,,1751602160043864065,根据男方姓名、证件号和女方姓名、证件号核验婚姻登记信息的真实性和合法性，为用户提供婚姻登记信息核验结果，帮助用户确认婚姻登记是否有效。,2,,1,https://trade.fjbdex.com:443/ltywpt-minio/fujian/商品审核/0f82a1aa194841d5a3f6efca81b77105.png,自然人婚姻登记信息核验服务,0元,0,福建大数据一级开发有限公司,,,0.0,3,
,,8,,,1751602159779622913,根据人口库关系图谱查询家庭成员的出生日期信息，为用户提供家庭18岁至60岁人口数量的查询结果，帮助用户了解家庭的劳动人口状况。,2,,1,https://trade.fjbdex.com:443/ltywpt-minio/fujian/商品审核/0f82a1aa194841d5a3f6efca81b77105.png,自然人家庭18岁至60岁人口数量查询服务,0元,0,福建大数据一级开发有限公司,,,0.0,3,
,,6,,,1751602159569907713,提供对特定自然人是否属于少数民族的核验服务，为用户提供少数民族身份的确认和相关信息。,2,,1,https://trade.fjbdex.com:443/ltywpt-minio/fujian/商品审核/0f82a1aa194841d5a3f6efca81b77105.png,自然人少数民族核验服务,0元,0,福建大数据一级开发有限公司,,,0.0,3,
,,7,,,1751602159355998209,返回当前未解除冻结状态的股权冻结记录数中的最大冻结金额。股权冻结是指人民法院通过限制股权所有者提取或转移自己股权的一种强制措施。,2,,1,https://trade.fjbdex.com:443/ltywpt-minio/fujian/商品审核/0f82a1aa194841d5a3f6efca81b77105.png,企业当前股权冻结最大金额服务,0元,0,福建大数据一级开发有限公司,,,0.0,3,
,,6,,,1751602159137894401,评估当前企业的发展情况，查询已享受扶持政策的小微企业。\n输入参数：企业名称或统一社会信用代码\n输出参数：享受扶持政策内容、扶持数额等信息（JSON格式）,2,,1,https://trade.fjbdex.com:443/ltywpt-minio/fujian/商品审核/0f82a1aa194841d5a3f6efca81b77105.png,小微企业扶持政策查询服务,0元,0,福建大数据一级开发有限公司,,,0.0,3,
,,9,,,1751602158898819074,利用机器学习算法，评估企业提供的各项福利保障程度，包括健康保险、退休计划和员工关怀计划等，构建企业福利保障指数，为用户提供企业福利保障的指数，用于评估企业的员工关怀程度和吸引力。,2,,1,https://trade.fjbdex.com:443/ltywpt-minio/fujian/商品审核/0f82a1aa194841d5a3f6efca81b77105.png,企业福利保障指数,0元,0,福建大数据一级开发有限公司,,,0.0,3,
,,7,,,1751602158684909570,通过查询自然人的生育记录和相关政策规定，为用户提供独生子女家庭核验结果，帮助用户确认个人的独生子女家庭身份和享受相应政策的资格。,2,,1,https://trade.fjbdex.com:443/ltywpt-minio/fujian/商品审核/0f82a1aa194841d5a3f6efca81b77105.png,自然人独生子女家庭核验服务,0元,0,福建大数据一级开发有限公司,,,0.0,3,
,,7,,,1751602158454222849,通过查询相关机构的社区矫正人员信息，为用户提供个人是否为社区矫正人员的查询结果，帮助用户了解个人的矫正身份。,2,,1,https://trade.fjbdex.com:443/ltywpt-minio/fujian/商品审核/0f82a1aa194841d5a3f6efca81b77105.png,自然人社区矫正人员核验服务,0元,0,福建大数据一级开发有限公司,,,0.0,3,
,,9,,,1751602158244507649,提供单个湖库的水质监测数据，包括水质类别、监测时间、超标项目等信息，帮助环保机构、研究人员和公众了解湖库的水质状况。,2,,1,https://trade.fjbdex.com:443/ltywpt-minio/fujian/商品审核/0f82a1aa194841d5a3f6efca81b77105.png,湖库水质监测查询服务,0元,0,福建大数据一级开发有限公司,,,0.0,3,
,,8,,,1751602158043181058,通过查询法院的数据和公开信息，为用户提供企业法人是否存在失信行为和被执行人记录的核验服务，用于评估企业法人的信誉和合作风险。,2,,1,https://trade.fjbdex.com:443/ltywpt-minio/fujian/商品审核/0f82a1aa194841d5a3f6efca81b77105.png,企业法人失信被执行人核验服务,0元,0,福建大数据一级开发有限公司,,,0.0,3,
,,25,,,1751602157825077249,查询文化、体育和娱乐业平台的大众评论，帮助用户了解消费者的情感倾向和满意度。,2,,1,https://trade.fjbdex.com:443/ltywpt-minio/fujian/商品审核/0f82a1aa194841d5a3f6efca81b77105.png,文化旅游景点评论查询服务,0元,0,福建大数据一级开发有限公司,,,0.0,3,
,,7,,,1751602157594390530,通过查询自然人双亲的工作和退休状态，为用户提供双亲在职或退休情况的核实结果，帮助用户了解双亲的工作状况和退休待遇。,2,,1,https://trade.fjbdex.com:443/ltywpt-minio/fujian/商品审核/0f82a1aa194841d5a3f6efca81b77105.png,自然人双亲在职/退休情况查询服务,0元,0,福建大数据一级开发有限公司,,,0.0,3,
,,6,,,1751602157292400642,提供弩类产品的实名销售记录查询服务，包括购买单位名称、销售单位名称、销售时间等信息，用于监管和查询弩类产品的销售情况。,2,,1,https://trade.fjbdex.com:443/ltywpt-minio/fujian/商品审核/0f82a1aa194841d5a3f6efca81b77105.png,弩类产品实名销售记录查询服务,0元,0,福建大数据一级开发有限公司,,,0.0,3,
,,10,,,1751602157086879745,为用户提供企业法律争议的详细概况，帮助评估企业的法律风险和信誉。,2,,1,https://trade.fjbdex.com:443/ltywpt-minio/fujian/商品审核/0f82a1aa194841d5a3f6efca81b77105.png,企业涉案核验服务,0元,0,福建大数据一级开发有限公司,,,0.0,3,
,,11,,,1751602156877164546,通过分析自然人的个人收入、财产状况、消费习惯等数据，为用户提供自然人消费能力评估指数，帮助用户了解个人的消费能力水平，用于金融机构的信用评估、消费分期等方面。,2,,1,https://trade.fjbdex.com:443/ltywpt-minio/fujian/商品审核/0f82a1aa194841d5a3f6efca81b77105.png,自然人消费能力评估指数,0元,0,福建大数据一级开发有限公司,,,0.0,3,
,,6,,,1751602156675837953,查询企业所持有的有效资质许可证列表，用于了解企业在特定领域的资质情况和能力认可程度。,2,,1,https://trade.fjbdex.com:443/ltywpt-minio/fujian/商品审核/0f82a1aa194841d5a3f6efca81b77105.png,企业持有资质许可证查询服务,0元,0,福建大数据一级开发有限公司,,,0.0,3,
,,6,,,1751602156474511362,通过税务接口核验企业的欠税信息，为用户提供企业是否存在欠税情况的判断和核实结果，用于帮助用户评估企业的税务风险和合作风险。,2,,1,https://trade.fjbdex.com:443/ltywpt-minio/fujian/商品审核/0f82a1aa194841d5a3f6efca81b77105.png,企业欠税核验服务,0元,0,福建大数据一级开发有限公司,,,0.0,3,
,,11,,,1751602156264796161,通过查询社保管理机构的数据，为用户提供个人社保缴纳额度的区间查询结果，帮助用户了解个人社保缴纳额度的范围。,2,,1,https://trade.fjbdex.com:443/ltywpt-minio/fujian/商品审核/0f82a1aa194841d5a3f6efca81b77105.png,自然人社保缴纳额度区间查询服务,0元,0,福建大数据一级开发有限公司,,,0.0,3,
,,6,,,1751602156034109441,提供省公安厅行政事业性收费的详细信息，包括收费标准、收费依据等，帮助公众了解相关收费项目。,2,,1,https://trade.fjbdex.com:443/ltywpt-minio/fujian/商品审核/0f82a1aa194841d5a3f6efca81b77105.png,省公安厅行政事业性收费信息查询服务,0元,0,福建大数据一级开发有限公司,,,0.0,3,
,,8,,,1751602155816005633,提供危险物品相关的法律法规查询服务，帮助企业和个人了解相关法律法规，确保合法经营和使用。,2,,1,https://trade.fjbdex.com:443/ltywpt-minio/fujian/商品审核/0f82a1aa194841d5a3f6efca81b77105.png,危险物品法律法规查询服务,0元,0,福建大数据一级开发有限公司,,,0.0,3,
,,6,,,1751602155581124609,通过查询税务局中企业的财务报表和负债清单，为用户提供企业的负债总额信息，用于了解企业的债务状况和偿债能力。,2,,1,https://trade.fjbdex.com:443/ltywpt-minio/fujian/商品审核/0f82a1aa194841d5a3f6efca81b77105.png,企业负债总额查询服务,0元,0,福建大数据一级开发有限公司,,,0.0,3,
,,13,,,1751602155363020802,查询住建行业企业的不良行为记录，包括处罚事由、处罚结果等，帮助用户评估企业的合规性和信誉。,2,,1,https://trade.fjbdex.com:443/ltywpt-minio/fujian/商品审核/0f82a1aa194841d5a3f6efca81b77105.png,住建行业企业不良行为记录查询服务,0元,0,福建大数据一级开发有限公司,,,0.0,3,
,,9,,,1751602155115556866,通过查询社保管理机构的数据和公开信息，为用户提供企业社保缴纳比例的查询服务，用于了解企业的社保缴纳政策和执行情况。,2,,1,https://trade.fjbdex.com:443/ltywpt-minio/fujian/商品审核/0f82a1aa194841d5a3f6efca81b77105.png,企业社保缴纳金缴纳比例查询服务,0元,0,福建大数据一级开发有限公司,,,0.0,3,
,,8,,,1751602154905841665,根据福建省一品一码食品安全信息追溯管理平台数据，统计某年度某企业农产品产量，用于了解企业在农业领域的生产规模和产量水平。,2,,1,https://trade.fjbdex.com:443/ltywpt-minio/fujian/商品审核/0f82a1aa194841d5a3f6efca81b77105.png,企业农产品年度产量查询服务,0元,0,福建大数据一级开发有限公司,,,0.0,3,
,,9,,,1751602154687737858,通过查询公积金管理机构的数据，为用户提供个人公积金缴交金额的区间查询结果，帮助用户了解个人的公积金缴交金额情况。,2,,1,https://trade.fjbdex.com:443/ltywpt-minio/fujian/商品审核/0f82a1aa194841d5a3f6efca81b77105.png,自然人公积金缴交金额区间查询服务,0元,0,福建大数据一级开发有限公司,,,0.0,3,
,,6,,,1751602154482216962,通过查询公积金管理机构的数据和公开信息，为用户提供企业公积金缴纳金额在全省范围内的排名百分比，用于了解企业在全省范围内的缴纳水平和竞争力。,2,,1,https://trade.fjbdex.com:443/ltywpt-minio/fujian/商品审核/0f82a1aa194841d5a3f6efca81b77105.png,企业公积金缴纳金额全省排名百分比查询服务,0元,0,福建大数据一级开发有限公司,,,0.0,3,
,,12,,,1751602154255724546,为用户提供企业的应收账款周转率信息，用于了解企业的应收账款回收速度和资金回笼情况。,2,,1,https://trade.fjbdex.com:443/ltywpt-minio/fujian/商品审核/0f82a1aa194841d5a3f6efca81b77105.png,企业应收账款周转率查询服务,0元,0,福建大数据一级开发有限公司,,,0.0,3,
,,12,,,1751602154016649217,查询企业纳税信用等级。税务信用等级有五个等级，分别是A、B、C、D、M级。A级指的是年度信用评分大于等于90分以上的纳税人，B级则是大于等于70分，小于90分的纳税人，C级信用评分大于等于40分，小于70分的纳税人，而D级则是评分在40分以下的纳税人。除此之外，还增设了一个M级纳税信用，M级一般是新设立企业以及在评价的年度内没有生产经营的业务收入并且信用评分在70分以上的纳税人。,2,,1,https://trade.fjbdex.com:443/ltywpt-minio/fujian/商品审核/0f82a1aa194841d5a3f6efca81b77105.png,企业纳税信用等级查询服务,0元,0,福建大数据一级开发有限公司,,,0.0,3,
,,13,,,1751602153794351106,提供对特定自然人是否为常住人口的核验服务，用于确认自然人的常住地信息。,2,,1,https://trade.fjbdex.com:443/ltywpt-minio/fujian/商品审核/0f82a1aa194841d5a3f6efca81b77105.png,自然人常住人口核验服务,0元,0,福建大数据一级开发有限公司,,,0.0,3,
,,7,,,1751602153584635906,通过查询工商行政管理机构的数据和公开信息，为用户提供企业法人的姓名信息，用于识别企业法定代表人身份和沟通交流。,2,,1,https://trade.fjbdex.com:443/ltywpt-minio/fujian/商品审核/0f82a1aa194841d5a3f6efca81b77105.png,企业法人姓名查询服务,0元,0,福建大数据一级开发有限公司,,,0.0,3,
,,10,,,1751602153366532097,通过查询家庭成员的医疗就诊记录和慢性病诊断信息，为用户提供家庭成员慢性病患者数量的查询结果，帮助用户了解家庭成员的健康情况和医疗需求。,2,,1,https://trade.fjbdex.com:443/ltywpt-minio/fujian/商品审核/0f82a1aa194841d5a3f6efca81b77105.png,自然人家庭成员慢性病患者数量查询服务,0元,0,福建大数据一级开发有限公司,,,0.0,3,
,,9,,,1751602153144233985,查询养老机构的资质信息，包括服务类型、资质等级和有效期，帮助用户选择合适的养老服务。,2,,1,https://trade.fjbdex.com:443/ltywpt-minio/fujian/商品审核/0f82a1aa194841d5a3f6efca81b77105.png,养老机构资质查询服务,0元,0,福建大数据一级开发有限公司,,,0.0,3,
,,8,,,1751602152896770050,通过查询社保管理机构的数据和公开信息，为用户提供企业社保连续缴纳次数的区间查询服务，用于了解企业的社保缴纳稳定性和历史缴纳情况。,2,,1,https://trade.fjbdex.com:443/ltywpt-minio/fujian/商品审核/0f82a1aa194841d5a3f6efca81b77105.png,企业社保连续缴纳次数区间查询服务,0元,0,福建大数据一级开发有限公司,,,0.0,3,
,,20,,,1751602152666083330,提供全省各县级气象灾害的损失情况统计，包括灾害类型、受灾范围、经济损失等，帮助用户了解气象灾害对地区的影响。,2,,1,https://trade.fjbdex.com:443/ltywpt-minio/fujian/商品审核/0f82a1aa194841d5a3f6efca81b77105.png,气象灾害损失情况查询服务,0元,0,福建大数据一级开发有限公司,,,0.0,3,
,,6,,,1751602152452173825,综合提供企业法人股东和个人股东的总数量信息，通过综合分析企业的注册信息和股权结构，为投资者和分析师提供关于企业股东结构的全面视图，有助于评估企业的市场吸引力和股权分散程度。,2,,1,https://trade.fjbdex.com:443/ltywpt-minio/fujian/商品审核/0f82a1aa194841d5a3f6efca81b77105.png,企业股东数量查询服务,0元,0,福建大数据一级开发有限公司,,,0.0,3,
,,8,,,1751602152225681410,根据用户输入的目的地，提供该地区的游记信息，并支持多语种显示，方便不同国家和地区的用户阅读。,2,,1,https://trade.fjbdex.com:443/ltywpt-minio/fujian/商品审核/0f82a1aa194841d5a3f6efca81b77105.png,多语种旅游游记查询服务,0元,0,福建大数据一级开发有限公司,,,0.0,3,
,,9,,,1751602152015966209,通过多维度的数据分析和算法模型，为用户提供自然人收入水平指数，帮助用户了解个人收入的相对水平，包括行业比较、地区比较等，用于薪资谈判、财务规划等方面。,2,,1,https://trade.fjbdex.com:443/ltywpt-minio/fujian/商品审核/0f82a1aa194841d5a3f6efca81b77105.png,自然人收入水平指数,0元,0,福建大数据一级开发有限公司,,,0.0,3,
,,8,,,1751602151802056705,通过查询税务管理机构的数据，为用户提供自然人近一年欠税核验的结果，帮助用户了解自然人在过去一年内是否存在欠税情况，辅助风险评估和合规性审查。,2,,1,https://trade.fjbdex.com:443/ltywpt-minio/fujian/商品审核/0f82a1aa194841d5a3f6efca81b77105.png,自然人近一年欠税核验服务,0元,0,福建大数据一级开发有限公司,,,0.0,3,
,,6,,,1751602151588147201,通过查询公积金管理机构的数据，为用户提供个人公积金连续缴纳月数的查询结果，帮助用户了解个人公积金的稳定缴纳情况。,2,,1,https://trade.fjbdex.com:443/ltywpt-minio/fujian/商品审核/0f82a1aa194841d5a3f6efca81b77105.png,自然人公积金连续缴纳月数查询服务,0元,0,福建大数据一级开发有限公司,,,0.0,3,
,,7,,,1751602151378432002,通过查询企业的年度报告，为用户提供企业的年度报告信息，包括经营情况、财务状况、股东情况等，用于了解企业的经营状况和发展趋势。,2,,1,https://trade.fjbdex.com:443/ltywpt-minio/fujian/商品审核/0f82a1aa194841d5a3f6efca81b77105.png,企业年报信息查询服务,0元,0,福建大数据一级开发有限公司,,,0.0,3,
,,6,,,1751602151177105410,通过人口库关系图谱查询家庭成员的基本信息，为用户提供家庭人数的查询结果，帮助用户了解家庭的人口状况。,2,,1,https://trade.fjbdex.com:443/ltywpt-minio/fujian/商品审核/0f82a1aa194841d5a3f6efca81b77105.png,自然人家庭人数查询服务,0元,0,福建大数据一级开发有限公司,,,0.0,3,
,,8,,,1751602150946418690,提供扶贫资金发放的详细信息查询，包括资金名称、发放时间、发放金额等，帮助用户了解扶贫资金的具体使用情况。,2,,1,https://trade.fjbdex.com:443/ltywpt-minio/fujian/商品审核/0f82a1aa194841d5a3f6efca81b77105.png,企业扶贫资金发放查询服务,0元,0,福建大数据一级开发有限公司,,,0.0,3,
,,9,,,1751602150740897794,通过结合人工神经网络和职业兴趣分析，考量工作经历、职业技能和职业成就等信息，构建反映个人职业发展潜力的职业匹配指数。该指数可以帮助评估个人在特定职业领域的适应性和发展潜力。输入参数为身份证号码，输出参数为消费能力指数（整数）。,2,,1,https://trade.fjbdex.com:443/ltywpt-minio/fujian/商品审核/0f82a1aa194841d5a3f6efca81b77105.png,自然人职业匹配指数,0元,0,福建大数据一级开发有限公司,,,0.0,3,
,,10,,,1751602150531182593,通过查询相关房产登记记录和公证机构信息，为用户提供双亲是否持有不动产的核核验，帮助用户了解双亲的房产情况。,2,,1,https://trade.fjbdex.com:443/ltywpt-minio/fujian/商品审核/0f82a1aa194841d5a3f6efca81b77105.png,自然人双亲持有不动产核验服务,0元,0,福建大数据一级开发有限公司,,,0.0,3,
,,8,,,1751602150292107266,提供对特定自然人是否为低保户的核验服务，用于确认自然人是否符合低保政策相关要求。,2,,1,https://trade.fjbdex.com:443/ltywpt-minio/fujian/商品审核/0f82a1aa194841d5a3f6efca81b77105.png,自然人低保户核验服务,0元,0,福建大数据一级开发有限公司,,,0.0,3,
,,8,,,1751602149964951553,通过查询相关管理机构的数据，为用户提供自然人灵活就业核验的结果，帮助用户验证自然人是否从事灵活就业形式，如个体经营、自由职业等，用于背景调查、人才招募等方面。,2,,1,https://trade.fjbdex.com:443/ltywpt-minio/fujian/商品审核/0f82a1aa194841d5a3f6efca81b77105.png,自然人灵活就业核验服务,0元,0,福建大数据一级开发有限公司,,,0.0,3,
,,6,,,1751602149734264834,为用户提供企业的销售利润率信息，用于了解企业的销售利润水平和经营效益。,2,,1,https://trade.fjbdex.com:443/ltywpt-minio/fujian/商品审核/0f82a1aa194841d5a3f6efca81b77105.png,企业销售利润率查询服务,0元,0,福建大数据一级开发有限公司,,,0.0,3,
,,6,,,1751602149516161025,提供社会团体的基本信息查询，包括团体名称、成立时间、活动范围等，方便用户了解社会团体的详细信息。,2,,1,https://trade.fjbdex.com:443/ltywpt-minio/fujian/商品审核/0f82a1aa194841d5a3f6efca81b77105.png,社会团体信息查询服务,0元,0,福建大数据一级开发有限公司,,,0.0,3,
,,7,,,1751602149310640130,提供建筑企业的信用评价信息，包括信用分数、奖励类别等，帮助用户了解企业的信用状况和行业表现。,2,,1,https://trade.fjbdex.com:443/ltywpt-minio/fujian/商品审核/0f82a1aa194841d5a3f6efca81b77105.png,住建行业企业良好行为查询服务,0元,0,福建大数据一级开发有限公司,,,0.0,3,
,,6,,,1751602149096730626,通过查询税务局企业涉税接口获取企业利润表，为用户提供企业的营业成本信息，用于了解企业的主营业务规模和经营活动情况。,2,,1,https://trade.fjbdex.com:443/ltywpt-minio/fujian/商品审核/0f82a1aa194841d5a3f6efca81b77105.png,企业营业成本查询服务,0元,0,福建大数据一级开发有限公司,,,0.0,3,
,,7,,,1751602148882821122,通过查询自然人的生育记录和相关政策规定，为用户提供二胎家庭核验结果，帮助用户确认个人的二胎家庭身份和享受相应政策的资格。,2,,1,https://trade.fjbdex.com:443/ltywpt-minio/fujian/商品审核/0f82a1aa194841d5a3f6efca81b77105.png,自然人二胎家庭核验服务,0元,0,福建大数据一级开发有限公司,,,0.0,3,
,,10,,,1751602148668911618,提供建筑项目的竣工备案信息查询，帮助用户了解项目的竣工状态、竣工时间等关键信息。,2,,1,https://trade.fjbdex.com:443/ltywpt-minio/fujian/商品审核/0f82a1aa194841d5a3f6efca81b77105.png,建筑项目竣工信息查询服务,0元,0,福建大数据一级开发有限公司,,,0.0,3,
,,9,,,1751602148455002114,通过查询公积金管理机构的数据，为用户提供个人公积金最近一次缴纳的时间查询结果，帮助用户了解个人公积金的缴纳情况和频率。,2,,1,https://trade.fjbdex.com:443/ltywpt-minio/fujian/商品审核/0f82a1aa194841d5a3f6efca81b77105.png,自然人公积金最近缴纳时间查询服务,0元,0,福建大数据一级开发有限公司,,,0.0,3,
,,6,,,1751602148236898306,通过分析企业的增长速度、创新能力和市场潜力等因素，确定企业是否属于瞪羚企业，即那些成长迅速、灵活且具有高潜力的公司，为投资者和政策制定者提供重要的决策支持信息。,2,,1,https://trade.fjbdex.com:443/ltywpt-minio/fujian/商品审核/0f82a1aa194841d5a3f6efca81b77105.png,企业是否为瞪羚企业核验服务,0元,0,福建大数据一级开发有限公司,,,0.0,3,
,,11,,,1751602148002017281,通过分析市场风险、信用风险和操作风险等，构建企业经营风险的评估指数模型。,2,,1,https://trade.fjbdex.com:443/ltywpt-minio/fujian/商品审核/0f82a1aa194841d5a3f6efca81b77105.png,企业经营风险指数,0元,0,福建大数据一级开发有限公司,,,0.0,3,
,,9,,,1751602147788107778,通过查询家庭成员的农机登记信息，为用户提供家庭拥有农机数量的查询结果，帮助用户了解家庭的农业生产设备情况。,2,,1,https://trade.fjbdex.com:443/ltywpt-minio/fujian/商品审核/0f82a1aa194841d5a3f6efca81b77105.png,自然人家庭拥有农机数量查询服务,0元,0,福建大数据一级开发有限公司,,,0.0,3,
,,10,,,1751602147553226753,提供招投标项目的详细信息查询，包括项目名称、招标单位、投标状态等，帮助企业寻找合适的招投标机会。,2,,1,https://trade.fjbdex.com:443/ltywpt-minio/fujian/商品审核/0f82a1aa194841d5a3f6efca81b77105.png,招投标信息查询服务,0元,0,福建大数据一级开发有限公司,,,0.0,3,
,,6,,,1751602147347705857,通过查询税务局企业涉税接口获取企业利润表，为用户提供企业的净利润信息，用于了解企业的盈利能力和经营效益。,2,,1,https://trade.fjbdex.com:443/ltywpt-minio/fujian/商品审核/0f82a1aa194841d5a3f6efca81b77105.png,企业净利润查询服务,0元,0,福建大数据一级开发有限公司,,,0.0,3,
,,7,,,1751602147121213442,通过查询企业的财务报表和所有者权益清单，为用户提供企业的所有者权益信息，用于了解企业的净资产状况和股东权益情况。,2,,1,https://trade.fjbdex.com:443/ltywpt-minio/fujian/商品审核/0f82a1aa194841d5a3f6efca81b77105.png,企业所有者权益查询服务,0元,0,福建大数据一级开发有限公司,,,0.0,3,
,,7,,,1751602146907303938,提供企业的安全合规信息查询，包括企业是否涉及危险品经营、企业经营状态及经营范围等，帮助用户评估合作企业的安全风险。,2,,1,https://trade.fjbdex.com:443/ltywpt-minio/fujian/商品审核/0f82a1aa194841d5a3f6efca81b77105.png,企业安全合规查询服务,0元,0,福建大数据一级开发有限公司,,,0.0,3,
,,8,,,1751602146705977346,通过查询税务局企业涉税接口获取企业利润表，为用户提供企业的所得税信息，用于了解企业的纳税状况和税收负担。,2,,1,https://trade.fjbdex.com:443/ltywpt-minio/fujian/商品审核/0f82a1aa194841d5a3f6efca81b77105.png,企业所得税查询服务,0元,0,福建大数据一级开发有限公司,,,0.0,3,
,,7,,,1751602146496262145,通过查询企业的财务报表和资产清单，为用户提供企业的资产总额信息，用于了解企业的资产规模和财务实力。,2,,1,https://trade.fjbdex.com:443/ltywpt-minio/fujian/商品审核/0f82a1aa194841d5a3f6efca81b77105.png,企业资产总额查询服务,0元,0,福建大数据一级开发有限公司,,,0.0,3,
,,7,,,1751602146290741249,通过查询工商行政管理机构的数据和公开信息，为用户提供企业已经注销的子公司数量信息（子公司定义为控股>50%的公司），帮助用户了解企业的历史沿革和经营情况，用于市场调研、商务合作等方面。,2,,1,https://trade.fjbdex.com:443/ltywpt-minio/fujian/商品审核/0f82a1aa194841d5a3f6efca81b77105.png,企业子公司注销数量查询服务,0元,0,福建大数据一级开发有限公司,,,0.0,3,
,,8,,,1751602146072637442,通过整合全省小额贷款公司的基本信息数据，为用户提供对于小额贷款公司的分布情况、规模情况、经营状态等方面的综合查询服务，帮助用户了解全省小额贷款市场概况及行业发展动态。,2,,1,https://trade.fjbdex.com:443/ltywpt-minio/fujian/商品审核/0f82a1aa194841d5a3f6efca81b77105.png,全省小额贷款公司基本情况查询服务,0元,0,福建大数据一级开发有限公司,,,0.0,3,
,,6,,,1751602145850339329,"根据企业向税务局申报的企业资产负债表上的财务数据计算速动比率，公式为：速动比率=（流动资产-预付账款-存货）/流动负债总额。该信息用于了解企业的短期偿债能力和流动资产质量。

输入参数：统一社会信用代码（纳税人识别号）、法定代表人姓名、法定代表人身份证件类型代码（默认201）、法定代表人身份证件号码、法定代表人移动电话。
输出参数：企业速动比率（浮点数）。",2,,1,https://trade.fjbdex.com:443/ltywpt-minio/fujian/商品审核/0f82a1aa194841d5a3f6efca81b77105.png,企业速动比率查询服务,0元,0,福建大数据一级开发有限公司,,,0.0,3,
,,14,,,1751602145615458305,提供指定地点的潮汐高潮和低潮的预报时间，帮助渔业、航海、海滨活动等相关人员做好计划安排。,2,,1,https://trade.fjbdex.com:443/ltywpt-minio/fujian/商品审核/0f82a1aa194841d5a3f6efca81b77105.png,潮汐高低潮时刻查询服务,0元,0,福建大数据一级开发有限公司,,,0.0,3,
,,6,,,1751602145397354497,通过查询公积金管理机构的数据，为用户提供个人公积金缴存状态的查询结果，帮助用户了解个人的公积金缴存情况。,2,,1,https://trade.fjbdex.com:443/ltywpt-minio/fujian/商品审核/0f82a1aa194841d5a3f6efca81b77105.png,自然人公积金缴存状态核验服务,0元,0,福建大数据一级开发有限公司,,,0.0,3,
,,6,,,1751602145133113345,评估企业成为未来独角兽的潜力，即估值超过10亿美元的创业公司，为投资者提供高潜力投资目标的线索。,2,,1,https://trade.fjbdex.com:443/ltywpt-minio/fujian/商品审核/0f82a1aa194841d5a3f6efca81b77105.png,企业是否为未来独角兽核验服务,0元,0,福建大数据一级开发有限公司,,,0.0,3,
,,12,,,1751602144927592450,根据企业向税务局申报的企业资产负债表上的财务数据计算资产负债率，为用户提供企业的资产负债率信息，用于了解企业的资产负债结构和偿债能力。,2,,1,https://trade.fjbdex.com:443/ltywpt-minio/fujian/商品审核/0f82a1aa194841d5a3f6efca81b77105.png,企业资产负债率查询服务,0元,0,福建大数据一级开发有限公司,,,0.0,3,
,,11,,,1751602144713682945,通过查询企业在上一年度福建省内的政府项目中标情况，为用户提供企业在福建省内政府项目中标的具体信息，用于了解企业在政府采购领域的业绩和实力。,2,,1,https://trade.fjbdex.com:443/ltywpt-minio/fujian/商品审核/0f82a1aa194841d5a3f6efca81b77105.png,企业上一年度福建省内政府项目中标情况查询服务,0元,0,福建大数据一级开发有限公司,,,0.0,3,
,,8,,,1751602144503967746,"查询从2021年开始，企业每年是否为省级重点龙头企业。省级重点龙头企业是指在其所在省份内具有重要影响力和示范作用的农业企业或相关单位。这些企业的特点通常包括规模较大、经济效益较好、对当地农业发展贡献显著以及具有一定的行业影响力。

输入参数：统一社会信用代码，查询年份
输出参数：每年是否为省级重点龙头企业（JSON格式）",2,,1,https://trade.fjbdex.com:443/ltywpt-minio/fujian/商品审核/0f82a1aa194841d5a3f6efca81b77105.png,省级重点龙头企业核验服务,0元,0,福建大数据一级开发有限公司,,,0.0,3,
,,15,,,1751602144290058241,运用资产评估模型和市场趋势分析，从房产、动产、投资和其他财务资料中综合评估个人资产的总价值，为个人财富管理提供参考。,2,,1,https://trade.fjbdex.com:443/ltywpt-minio/fujian/商品审核/0f82a1aa194841d5a3f6efca81b77105.png,自然人资产价值评估指数,0元,0,福建大数据一级开发有限公司,,,0.0,3,
,,8,,,1751602144076148738,利用回归分析和时间序列预测模型，从职业类型、行业状况和经济环境等方面预测家庭收入水平评估指数模型，为用户提供家庭收入指数，帮助用户了解家庭整体收入水平，辅助用户进行财务规划和决策。,2,,1,https://trade.fjbdex.com:443/ltywpt-minio/fujian/商品审核/0f82a1aa194841d5a3f6efca81b77105.png,自然人家庭收入指数,0元,0,福建大数据一级开发有限公司,,,0.0,3,
,,7,,,1751602143841267714,为用户提供企业的资本金利润率信息，用于了解企业的资本回报率和盈利能力。,2,,1,https://trade.fjbdex.com:443/ltywpt-minio/fujian/商品审核/0f82a1aa194841d5a3f6efca81b77105.png,企业资本金利润率查询服务,0元,0,福建大数据一级开发有限公司,,,0.0,3,
,,7,,,1751602143627358209,通过税务局接口查询企业的欠税记录，为用户提供企业欠税的金额区间信息，用于了解企业的欠税状况和税务风险程度。,2,,1,https://trade.fjbdex.com:443/ltywpt-minio/fujian/商品审核/0f82a1aa194841d5a3f6efca81b77105.png,企业欠税金额查询服务,0元,0,福建大数据一级开发有限公司,,,0.0,3,
,,15,,,1751602143421837313,通过查询医疗机构的数据，为用户提供自然人的健康状况类型信息，帮助用户了解个人的健康状况，用于医疗保险选择、健康管理等方面。,2,,1,https://trade.fjbdex.com:443/ltywpt-minio/fujian/商品审核/0f82a1aa194841d5a3f6efca81b77105.png,自然人健康状况类型查询服务,0元,0,福建大数据一级开发有限公司,,,0.0,3,
,,7,,,1751602143203733505,通过税务局申报的企业增值税信息，为用户提供企业的增值税金额区间，用于了解企业的税务状况和履行税务义务情况。,2,,1,https://trade.fjbdex.com:443/ltywpt-minio/fujian/商品审核/0f82a1aa194841d5a3f6efca81b77105.png,企业增值税缴纳信息查询服务,0元,0,福建大数据一级开发有限公司,,,0.0,3,
,,8,,,1751602142973046786,"查询该区域春季种植业的生产进度，包括作物种植面积、生长情况等。

输入参数：县级行政区划名称
输出参数：作物种植面积、生长情况等信息（JSON格式）",2,,1,https://trade.fjbdex.com:443/ltywpt-minio/fujian/商品审核/0f82a1aa194841d5a3f6efca81b77105.png,春季种植业生产进度查询服务,0元,0,福建大数据一级开发有限公司,,,0.0,3,
,,7,,,1751602142738165762,通过企业注册时间、存续数据计算企业的年龄信息，为用户提供企业的经营历史信息，帮助用户了解企业的经营实力和发展潜力，用于客户征信、商务合作等方面。,2,,1,https://trade.fjbdex.com:443/ltywpt-minio/fujian/商品审核/0f82a1aa194841d5a3f6efca81b77105.png,企业年龄查询服务,0元,0,福建大数据一级开发有限公司,,,0.0,3,
,,6,,,1751602142532644866,通过灰色关联分析和模糊综合评价法，通过深入分析自然人的社会保险缴费记录和相关数据，为用户提供自然人的社会保障指数，帮助用户了解自然人的社保缴费情况。,2,,1,https://trade.fjbdex.com:443/ltywpt-minio/fujian/商品审核/0f82a1aa194841d5a3f6efca81b77105.png,自然人社会保障指数,0元,0,福建大数据一级开发有限公司,,,0.0,3,
,,411,,,1751602142297763841,通过查询公积金管理机构的数据，为用户提供个人公积金缴存基数的区间查询结果，帮助用户了解个人的公积金缴存基数情况。,2,,1,https://trade.fjbdex.com:443/ltywpt-minio/fujian/商品审核/0f82a1aa194841d5a3f6efca81b77105.png,自然人公积金缴存基数区间查询服务,0元,0,福建大数据一级开发有限公司,,,0.0,3,
,,6,,,1751602142071271425,通过查询家庭成员的社会保险缴纳记录，结合人口库关系图谱，为用户提供家庭缴纳职工社保人数的查询结果，帮助用户了解家庭成员的社会保障情况。,2,,1,https://trade.fjbdex.com:443/ltywpt-minio/fujian/商品审核/0f82a1aa194841d5a3f6efca81b77105.png,自然人家庭缴纳职工社保人数查询服务,0元,0,福建大数据一级开发有限公司,,,0.0,3,
,,25,,,1751602141840584706,通过对个人职业和婚姻状况的深入分析，为用户提供职业婚姻稳定指数，帮助用户了解个人的职业和婚姻状况对稳定性的评估。结合职业发展、家庭关系等因素，辅助用户进行个人生活规划和决策。,2,,1,https://trade.fjbdex.com:443/ltywpt-minio/fujian/商品审核/0f82a1aa194841d5a3f6efca81b77105.png,职业婚姻稳定指数,0元,0,福建大数据一级开发有限公司,,,0.0,3,
,,17,,,1751602141635063809,根据人社厅失业登记信息、社保缴纳信息等，提供对特定自然人失业情况的核验服务，帮助用户核实自然人的就业状况以及返回失业年限。,2,,1,https://trade.fjbdex.com:443/ltywpt-minio/fujian/商品审核/0f82a1aa194841d5a3f6efca81b77105.png,自然人失业情况查询服务,0元,0,福建大数据一级开发有限公司,,,0.0,3,
,,14,,,1751602141425348609,构建高度精准的风险评估指数模型，结合贝叶斯网络、熵权法和长短期记忆网络，从金融行为、健康状况和社会行为等多维度进行个人风险评估。输入参数为身份证号码，输出参数为消费能力指数（整数）。,2,,1,https://trade.fjbdex.com:443/ltywpt-minio/fujian/商品审核/0f82a1aa194841d5a3f6efca81b77105.png,自然人风险评估指数,0元,0,福建大数据一级开发有限公司,,,0.0,3,
,,7,,,1751602141215633409,通过查询工商行政管理机构的数据和公开信息，为用户提供企业在同行业中职工人数在全市范围内的排名百分比，用于了解企业在市场中的竞争地位。,2,,1,https://trade.fjbdex.com:443/ltywpt-minio/fujian/商品审核/0f82a1aa194841d5a3f6efca81b77105.png,企业同行业职工人数全市排名百分比查询服务,0元,0,福建大数据一级开发有限公司,,,0.0,3,
,,9,,,1751602140993335298,通过查询工商行政管理机构的数据，为用户提供企业的联系电话信息，帮助用户与企业进行沟通和交流，用于商务合作、供应商选择等方面。,2,,1,https://trade.fjbdex.com:443/ltywpt-minio/fujian/商品审核/0f82a1aa194841d5a3f6efca81b77105.png,企业联系电话查询服务,0元,0,福建大数据一级开发有限公司,,,0.0,3,
,,14,,,1751602140775231489,从消费记录、购买力及消费偏好等多维度全面评估个人消费能力，构建指数以精准定位市场目标群体，助力企业制定有效的市场策略。,2,,1,https://trade.fjbdex.com:443/ltywpt-minio/fujian/商品审核/0f82a1aa194841d5a3f6efca81b77105.png,自然人消费能力指数,0元,0,福建大数据一级开发有限公司,,,0.0,3,
,,29,,,1751602140544544769,为用户提供企业的成本费用利润率信息，用于了解企业的成本费用控制能力和盈利能力。,2,,1,https://trade.fjbdex.com:443/ltywpt-minio/fujian/商品审核/0f82a1aa194841d5a3f6efca81b77105.png,企业成本费用利润率查询服务,0元,0,福建大数据一级开发有限公司,,,0.0,3,
